tempo(s),Vbb(V),Vbe(V),Vce(V)
0.0004,8.08,0.72,0.24
0.0008,8.0,0.72,0.24
0.0012,8.0,0.72,0.24
0.0016,8.0,0.72,0.24
0.002,8.0,0.72,0.24
0.0024,8.0,0.72,0.24
0.0028,8.0,0.72,0.24
0.0032,8.0,0.72,0.24
0.0036000000000000008,8.0,0.72,0.24
0.004,8.0,0.72,0.24
0.0044,8.0,0.72,0.24
0.0048,8.0,0.72,0.24
0.005200000000000001,8.0,0.72,0.24
0.0056,8.0,0.72,0.24
0.006,8.0,0.72,0.24
0.0064,7.92,0.72,0.24
0.0068000000000000005,7.92,0.72,0.24
0.0072000000000000015,7.92,0.72,0.24
0.0076,7.92,0.72,0.24
0.008,7.92,0.72,0.24
0.008400000000000001,7.92,0.72,0.24
0.0088,7.92,0.72,0.24
0.0092,7.92,0.72,0.24
0.0096,7.92,0.72,0.24
0.01,7.92,0.72,0.24
0.0104,7.84,0.72,0.24
0.0108,7.92,0.72,0.24
0.0112,7.84,0.72,0.24
0.0116,7.84,0.72,0.24
0.012,7.84,0.72,0.24
0.0124,7.84,0.72,0.24
0.0128,7.84,0.72,0.24
0.0132,7.84,0.72,0.24
0.0136,7.84,0.72,0.24
0.013999999999999999,7.84,0.72,0.24
0.0144,7.84,0.72,0.24
0.0148,7.84,0.72,0.24
0.0152,7.76,0.72,0.24
0.0156,7.76,0.72,0.24
0.016,7.76,0.72,0.24
0.0164,7.76,0.72,0.24
0.016800000000000002,7.76,0.72,0.24
0.0172,7.76,0.72,0.24
0.0176,7.76,0.72,0.24
0.018000000000000002,7.76,0.72,0.24
0.0184,7.76,0.72,0.24
0.0188,7.76,0.72,0.24
0.0192,7.76,0.72,0.24
0.0196,7.76,0.72,0.24
0.02,7.76,0.72,0.24
0.0204,7.76,0.72,0.24
0.020800000000000003,7.76,0.72,0.24
0.0212,7.76,0.72,0.24
0.0216,7.68,0.72,0.32
0.022,7.68,0.72,0.24
0.0224,7.68,0.72,0.24
0.0228,7.68,0.72,0.24
0.0232,7.68,0.72,0.24
0.0236,7.68,0.72,0.24
0.024,7.68,0.72,0.24
0.0244,7.68,0.72,0.24
0.024800000000000003,7.68,0.72,0.24
0.0252,7.6,0.72,0.24
0.0256,7.6,0.72,0.24
0.026,7.6,0.72,0.24
0.0264,7.6,0.72,0.24
0.0268,7.6,0.72,0.24
0.0272,7.6,0.72,0.24
0.027600000000000003,7.6,0.72,0.24
0.027999999999999997,7.6,0.72,0.24
0.0284,7.6,0.72,0.24
0.028800000000000006,7.6,0.72,0.24
0.0292,7.6,0.72,0.24
0.0296,7.6,0.8,0.24
0.03,7.6,0.72,0.24
0.0304,7.52,0.72,0.24
0.0308,7.6,0.72,0.24
0.0312,7.52,0.72,0.24
0.0316,7.52,0.72,0.24
0.032,7.52,0.72,0.24
0.0324,7.52,0.72,0.24
0.0328,7.52,0.72,0.24
0.0332,7.52,0.8,0.24
0.033600000000000005,7.52,0.72,0.24
0.034,7.52,0.72,0.24
0.0344,7.52,0.72,0.24
0.034800000000000005,7.44,0.72,0.24
0.0352,7.44,0.8,0.24
0.0356,7.44,0.72,0.24
0.036000000000000004,7.44,0.8,0.24
0.0364,7.44,0.8,0.24
0.0368,7.44,0.72,0.24
0.0372,7.44,0.72,0.24
0.0376,7.44,0.8,0.24
0.038,7.44,0.72,0.24
0.0384,7.44,0.72,0.24
0.0388,7.44,0.72,0.24
0.0392,7.44,0.8,0.24
0.0396,7.44,0.72,0.24
0.04,7.44,0.72,0.24
0.040400000000000005,7.36,0.72,0.24
0.0408,7.36,0.72,0.24
0.0412,7.36,0.72,0.24
0.041600000000000005,7.36,0.72,0.24
0.042,7.36,0.8,0.24
0.0424,7.36,0.72,0.24
0.042800000000000005,7.36,0.72,0.24
0.0432,7.36,0.72,0.24
0.0436,7.36,0.8,0.24
0.044,7.36,0.72,0.32
0.0444,7.28,0.72,0.24
0.0448,7.28,0.72,0.24
0.0452,7.28,0.8,0.24
0.0456,7.28,0.72,0.24
0.046,7.28,0.8,0.24
0.0464,7.28,0.72,0.24
0.0468,7.28,0.72,0.24
0.0472,7.28,0.8,0.24
0.0476,7.28,0.72,0.24
0.048,7.28,0.72,0.24
0.048400000000000006,7.28,0.72,0.24
0.0488,7.2,0.72,0.24
0.0492,7.28,0.72,0.24
0.049600000000000005,7.2,0.72,0.24
0.05,7.2,0.8,0.24
0.0504,7.2,0.8,0.32
0.050800000000000005,7.2,0.72,0.24
0.0512,7.2,0.72,0.24
0.0516,7.2,0.8,0.24
0.052000000000000005,7.2,0.72,0.24
0.0524,7.2,0.8,0.32
0.0528,7.2,0.72,0.24
0.0532,7.2,0.8,0.24
0.0536,7.2,0.72,0.24
0.054000000000000006,7.2,0.8,0.24
0.0544,7.2,0.72,0.32
0.0548,7.12,0.72,0.24
0.055200000000000006,7.2,0.72,0.24
0.0556,7.12,0.72,0.32
0.055999999999999994,7.12,0.72,0.32
0.05640000000000001,7.12,0.8,0.24
0.0568,7.12,0.8,0.32
0.0572,7.12,0.8,0.32
0.05760000000000001,7.12,0.8,0.24
0.057999999999999996,7.12,0.72,0.24
0.0584,7.12,0.8,0.24
0.05880000000000001,7.04,0.72,0.24
0.0592,7.12,0.72,0.24
0.0596,7.04,0.8,0.24
0.06000000000000001,7.04,0.72,0.24
0.0604,7.04,0.72,0.24
0.0608,7.04,0.72,0.32
0.0612,7.04,0.72,0.24
0.0616,7.04,0.72,0.32
0.062,7.04,0.8,0.24
0.0624,7.04,0.72,0.24
0.06280000000000001,7.04,0.8,0.24
0.0632,7.04,0.72,0.32
0.0636,6.96,0.8,0.32
0.064,6.96,0.8,0.32
0.0644,6.96,0.72,0.32
0.0648,6.96,0.72,0.24
0.06520000000000001,6.96,0.72,0.24
0.0656,6.96,0.8,0.32
0.066,6.96,0.8,0.24
0.0664,6.96,0.72,0.32
0.0668,6.96,0.8,0.32
0.06720000000000001,6.96,0.72,0.24
0.06760000000000001,6.96,0.72,0.24
0.068,6.96,0.8,0.32
0.0684,6.96,0.8,0.24
0.0688,6.96,0.72,0.24
0.0692,6.96,0.72,0.24
0.06960000000000001,6.96,0.72,0.32
0.07,6.88,0.72,0.32
0.0704,6.88,0.8,0.32
0.0708,6.88,0.8,0.24
0.0712,6.88,0.8,0.32
0.0716,6.88,0.8,0.32
0.07200000000000001,6.88,0.72,0.24
0.0724,6.88,0.72,0.32
0.0728,6.88,0.8,0.32
0.0732,6.88,0.72,0.24
0.0736,6.88,0.72,0.32
0.07400000000000001,6.88,0.8,0.32
0.07440000000000001,6.88,0.72,0.24
0.0748,6.88,0.72,0.32
0.0752,6.8,0.72,0.32
0.0756,6.8,0.72,0.32
0.076,6.8,0.72,0.24
0.07640000000000001,6.8,0.72,0.32
0.07680000000000001,6.8,0.72,0.24
0.0772,6.8,0.72,0.32
0.0776,6.8,0.72,0.32
0.078,6.8,0.72,0.32
0.0784,6.8,0.72,0.32
0.07880000000000001,6.8,0.72,0.24
0.0792,6.72,0.72,0.32
0.0796,6.72,0.72,0.32
0.08,6.72,0.72,0.32
0.0804,6.72,0.72,0.24
0.08080000000000001,6.72,0.72,0.32
0.08120000000000001,6.72,0.72,0.32
0.0816,6.72,0.72,0.32
0.08199999999999999,6.72,0.8,0.32
0.0824,6.72,0.72,0.24
0.0828,6.6400000000000015,0.72,0.24
0.08320000000000001,6.72,0.72,0.32
0.08360000000000001,6.6400000000000015,0.72,0.32
0.084,6.6400000000000015,0.72,0.32
0.0844,6.6400000000000015,0.72,0.24
0.0848,6.6400000000000015,0.72,0.32
0.0852,6.6400000000000015,0.72,0.32
0.08560000000000001,6.6400000000000015,0.72,0.32
0.08600000000000001,6.6400000000000015,0.8,0.32
0.0864,6.6400000000000015,0.72,0.32
0.0868,6.6400000000000015,0.72,0.32
0.0872,6.6400000000000015,0.72,0.32
0.0876,6.6400000000000015,0.72,0.32
0.08800000000000001,6.6400000000000015,0.72,0.32
0.0884,6.6400000000000015,0.72,0.32
0.0888,6.6400000000000015,0.72,0.32
0.0892,6.5600000000000005,0.72,0.32
0.0896,6.5600000000000005,0.72,0.32
0.09000000000000001,6.5600000000000005,0.72,0.32
0.0904,6.5600000000000005,0.72,0.24
0.0908,6.5600000000000005,0.8,0.32
0.0912,6.5600000000000005,0.72,0.32
0.0916,6.5600000000000005,0.72,0.24
0.092,6.5600000000000005,0.72,0.32
0.0924,6.5600000000000005,0.72,0.32
0.0928,6.5600000000000005,0.72,0.32
0.0932,6.5600000000000005,0.72,0.32
0.0936,6.5600000000000005,0.72,0.32
0.094,6.48,0.72,0.32
0.0944,6.48,0.72,0.32
0.0948,6.48,0.72,0.32
0.0952,6.48,0.72,0.32
0.0956,6.48,0.72,0.32
0.096,6.48,0.72,0.32
0.0964,6.48,0.72,0.32
0.0968,6.48,0.72,0.32
0.0972,6.48,0.72,0.32
0.0976,6.48,0.72,0.32
0.098,6.4,0.72,0.32
0.0984,6.4,0.72,0.32
0.0988,6.4,0.72,0.32
0.0992,6.4,0.72,0.32
0.0996,6.4,0.8,0.32
0.1,6.4,0.72,0.32
0.1004,6.4,0.72,0.32
0.1008,6.4,0.72,0.32
0.1012,6.4,0.72,0.32
0.1016,6.4,0.72,0.32
0.102,6.4,0.72,0.32
0.1024,6.4,0.72,0.32
0.1028,6.4,0.72,0.32
0.1032,6.4,0.72,0.32
0.1036,6.4,0.72,0.32
0.104,6.32,0.72,0.32
0.1044,6.32,0.72,0.32
0.1048,6.32,0.72,0.32
0.1052,6.32,0.72,0.32
0.1056,6.32,0.72,0.32
0.106,6.32,0.72,0.32
0.1064,6.32,0.72,0.32
0.1068,6.32,0.72,0.32
0.1072,6.32,0.72,0.32
0.1076,6.32,0.8,0.32
0.10800000000000001,6.24,0.72,0.32
0.1084,6.32,0.72,0.32
0.1088,6.24,0.72,0.32
0.1092,6.24,0.72,0.32
0.1096,6.24,0.72,0.32
0.11,6.24,0.72,0.32
0.1104,6.24,0.72,0.32
0.1108,6.24,0.72,0.32
0.1112,6.24,0.72,0.32
0.1116,6.24,0.72,0.32
0.11199999999999999,6.16,0.8,0.32
0.1124,6.24,0.72,0.32
0.1128,6.16,0.72,0.32
0.1132,6.16,0.72,0.32
0.1136,6.16,0.72,0.32
0.114,6.16,0.72,0.32
0.1144,6.16,0.72,0.32
0.1148,6.16,0.72,0.32
0.1152,6.16,0.72,0.32
0.1156,6.16,0.72,0.32
0.11599999999999999,6.16,0.72,0.32
0.1164,6.16,0.8,0.32
0.1168,6.16,0.72,0.32
0.1172,6.16,0.72,0.32
0.1176,6.16,0.72,0.32
0.118,6.16,0.72,0.32
0.1184,6.16,0.72,0.32
0.1188,6.16,0.72,0.32
0.1192,6.08,0.72,0.32
0.1196,6.08,0.8,0.32
0.12,6.08,0.8,0.32
0.1204,6.08,0.72,0.32
0.1208,6.08,0.8,0.32
0.1212,6.08,0.72,0.32
0.1216,6.08,0.72,0.32
0.122,6.08,0.72,0.32
0.1224,6.08,0.8,0.32
0.1228,6.08,0.72,0.32
0.1232,6.0,0.8,0.32
0.1236,6.08,0.8,0.32
0.124,6.0,0.72,0.32
0.1244,6.0,0.72,0.32
0.1248,6.0,0.72,0.32
0.1252,6.0,0.72,0.32
0.12560000000000002,6.0,0.8,0.32
0.126,6.0,0.8,0.32
0.1264,6.0,0.72,0.32
0.1268,6.0,0.8,0.32
0.1272,6.0,0.8,0.32
0.12760000000000002,6.0,0.72,0.32
0.128,6.0,0.72,0.32
0.1284,5.92,0.72,0.32
0.1288,5.92,0.72,0.32
0.1292,5.92,0.8,0.32
0.1296,5.92,0.72,0.32
0.13,5.92,0.8,0.32
0.13040000000000002,5.92,0.8,0.32
0.1308,5.92,0.72,0.32
0.1312,5.92,0.8,0.32
0.1316,5.92,0.72,0.32
0.132,5.84,0.72,0.32
0.13240000000000002,5.84,0.8,0.32
0.1328,5.92,0.72,0.32
0.1332,5.84,0.8,0.32
0.1336,5.84,0.72,0.32
0.134,5.84,0.72,0.32
0.13440000000000002,5.84,0.72,0.32
0.1348,5.84,0.8,0.32
0.1352,5.84,0.8,0.32
0.1356,5.84,0.72,0.32
0.136,5.84,0.72,0.32
0.1364,5.84,0.72,0.32
0.1368,5.84,0.8,0.32
0.13720000000000002,5.84,0.8,0.32
0.1376,5.84,0.72,0.32
0.138,5.76,0.72,0.32
0.1384,5.76,0.72,0.32
0.1388,5.76,0.72,0.32
0.13920000000000002,5.76,0.8,0.32
0.1396,5.76,0.72,0.32
0.14,5.76,0.8,0.32
0.1404,5.76,0.72,0.32
0.1408,5.76,0.8,0.32
0.14120000000000002,5.76,0.72,0.32
0.1416,5.76,0.72,0.32
0.14200000000000002,5.76,0.8,0.32
0.1424,5.76,0.72,0.32
0.1428,5.68,0.72,0.32
0.1432,5.68,0.72,0.32
0.1436,5.68,0.72,0.32
0.14400000000000002,5.68,0.8,0.32
0.1444,5.68,0.8,0.32
0.1448,5.68,0.8,0.32
0.1452,5.68,0.72,0.32
0.1456,5.68,0.72,0.32
0.14600000000000002,5.68,0.8,0.32
0.1464,5.68,0.72,0.32
0.1468,5.68,0.8,0.32
0.1472,5.6000000000000005,0.8,0.32
0.1476,5.6000000000000005,0.72,0.32
0.14800000000000002,5.6000000000000005,0.72,0.32
0.1484,5.6000000000000005,0.72,0.32
0.14880000000000002,5.6000000000000005,0.72,0.32
0.1492,5.6000000000000005,0.8,0.32
0.1496,5.6000000000000005,0.8,0.32
0.15,5.6000000000000005,0.72,0.32
0.1504,5.6000000000000005,0.72,0.32
0.15080000000000002,5.6000000000000005,0.8,0.32
0.1512,5.6000000000000005,0.72,0.32
0.1516,5.6000000000000005,0.72,0.32
0.152,5.5200000000000005,0.72,0.32
0.1524,5.6000000000000005,0.72,0.32
0.15280000000000002,5.5200000000000005,0.72,0.32
0.1532,5.5200000000000005,0.8,0.4
0.1536,5.5200000000000005,0.72,0.32
0.154,5.5200000000000005,0.72,0.32
0.1544,5.5200000000000005,0.72,0.4
0.15480000000000002,5.5200000000000005,0.72,0.4
0.1552,5.5200000000000005,0.8,0.32
0.15560000000000002,5.5200000000000005,0.72,0.4
0.156,5.5200000000000005,0.72,0.4
0.1564,5.5200000000000005,0.72,0.4
0.1568,5.5200000000000005,0.72,0.4
0.1572,5.5200000000000005,0.72,0.4
0.15760000000000002,5.44,0.8,0.4
0.158,5.44,0.8,0.4
0.1584,5.44,0.72,0.4
0.1588,5.44,0.72,0.4
0.1592,5.44,0.72,0.4
0.15960000000000002,5.44,0.72,0.4
0.16,5.44,0.72,0.4
0.1604,5.44,0.72,0.4
0.1608,5.44,0.72,0.4
0.1612,5.44,0.72,0.4
0.16160000000000002,5.44,0.72,0.4
0.162,5.36,0.72,0.4
0.16240000000000002,5.44,0.72,0.4
0.1628,5.44,0.72,0.4
0.1632,5.36,0.72,0.4
0.1636,5.36,0.72,0.4
0.16399999999999998,5.36,0.72,0.4
0.16440000000000002,5.36,0.72,0.4
0.1648,5.36,0.72,0.4
0.1652,5.36,0.72,0.4
0.1656,5.36,0.72,0.4
0.166,5.36,0.72,0.4
0.16640000000000002,5.36,0.72,0.4
0.1668,5.36,0.72,0.4
0.16720000000000002,5.36,0.72,0.4
0.1676,5.36,0.72,0.4
0.168,5.36,0.72,0.4
0.16840000000000002,5.36,0.72,0.4
0.1688,5.28,0.72,0.48
0.16920000000000002,5.28,0.72,0.4
0.1696,5.28,0.72,0.48
0.17,5.28,0.72,0.48
0.1704,5.28,0.72,0.48
0.1708,5.28,0.72,0.48
0.17120000000000002,5.28,0.72,0.48
0.1716,5.28,0.72,0.48
0.172,5.28,0.72,0.48
0.1724,5.28,0.72,0.48
0.1728,5.28,0.72,0.48
0.17320000000000002,5.2,0.72,0.48
0.1736,5.2,0.72,0.48
0.17400000000000002,5.2,0.72,0.48
0.1744,5.2,0.72,0.48
0.1748,5.2,0.72,0.48
0.1752,5.2,0.72,0.48
0.1756,5.2,0.72,0.48
0.17600000000000002,5.2,0.72,0.48
0.1764,5.2,0.72,0.48
0.1768,5.2,0.72,0.48
0.1772,5.2,0.72,0.48
0.1776,5.12,0.72,0.48
0.17800000000000002,5.12,0.72,0.48
0.1784,5.12,0.72,0.48
0.1788,5.12,0.72,0.56
0.1792,5.12,0.72,0.56
0.1796,5.12,0.72,0.48
0.18000000000000002,5.12,0.72,0.56
0.1804,5.12,0.72,0.56
0.1808,5.12,0.72,0.56
0.1812,5.04,0.72,0.56
0.1816,5.04,0.72,0.56
0.182,5.04,0.72,0.56
0.1824,5.04,0.72,0.56
0.1828,5.04,0.72,0.56
0.1832,5.04,0.72,0.56
0.1836,5.04,0.72,0.56
0.184,5.04,0.72,0.56
0.1844,5.04,0.72,0.56
0.1848,5.04,0.72,0.56
0.1852,5.04,0.72,0.56
0.1856,5.04,0.72,0.56
0.18600000000000003,5.04,0.72,0.64
0.1864,5.04,0.72,0.64
0.1868,5.04,0.72,0.64
0.1872,4.96,0.72,0.64
0.1876,4.96,0.72,0.64
0.188,4.96,0.72,0.64
0.1884,4.96,0.72,0.64
0.1888,4.96,0.72,0.64
0.1892,4.96,0.72,0.64
0.1896,4.96,0.72,0.72
0.19,4.96,0.72,0.72
0.1904,4.96,0.72,0.72
0.1908,4.96,0.72,0.72
0.1912,4.96,0.72,0.72
0.1916,4.96,0.72,0.72
0.192,4.96,0.72,0.8
0.1924,4.88,0.72,0.8
0.1928,4.88,0.72,0.8
0.1932,4.88,0.72,0.8
0.1936,4.88,0.72,0.8
0.19399999999999998,4.88,0.72,0.88
0.1944,4.88,0.72,0.88
0.1948,4.88,0.72,0.88
0.1952,4.88,0.72,0.88
0.1956,4.88,0.72,0.96
0.196,4.88,0.72,0.96
0.1964,4.88,0.72,0.96
0.1968,4.8,0.72,0.96
0.1972,4.8,0.72,1.04
0.1976,4.8,0.72,1.04
0.198,4.8,0.72,1.04
0.1984,4.8,0.72,1.04
0.1988,4.8,0.72,1.12
0.1992,4.8,0.72,1.12
0.1996,4.8,0.72,1.12
0.2,4.8,0.72,1.12
0.2004,4.8,0.72,1.2
0.2008,4.8,0.72,1.2
0.2012,4.8,0.72,1.2
0.2016,4.8,0.72,1.2
0.20199999999999999,4.72,0.72,1.2
0.2024,4.72,0.72,1.28
0.2028,4.72,0.72,1.28
0.2032,4.72,0.72,1.28
0.2036,4.72,0.72,1.28
0.204,4.72,0.72,1.28
0.2044,4.72,0.8,1.36
0.2048,4.72,0.72,1.36
0.2052,4.72,0.72,1.36
0.2056,4.72,0.72,1.44
0.206,4.72,0.72,1.44
0.2064,4.72,0.8,1.44
0.2068,4.72,0.72,1.52
0.2072,4.72,0.72,1.52
0.2076,4.72,0.72,1.52
0.208,4.72,0.72,1.52
0.2084,4.64,0.72,1.52
0.2088,4.64,0.72,1.6
0.2092,4.64,0.72,1.6
0.2096,4.64,0.72,1.6
0.21,4.64,0.72,1.68
0.2104,4.64,0.72,1.68
0.2108,4.64,0.72,1.68
0.2112,4.64,0.72,1.68
0.2116,4.64,0.72,1.76
0.212,4.64,0.72,1.76
0.2124,4.5600000000000005,0.72,1.76
0.2128,4.5600000000000005,0.72,1.76
0.2132,4.5600000000000005,0.72,1.84
0.2136,4.5600000000000005,0.72,1.84
0.214,4.5600000000000005,0.72,1.84
0.2144,4.5600000000000005,0.72,1.84
0.2148,4.5600000000000005,0.72,1.92
0.2152,4.5600000000000005,0.72,1.92
0.2156,4.5600000000000005,0.72,1.92
0.21600000000000003,4.5600000000000005,0.72,2.0
0.2164,4.5600000000000005,0.72,2.0
0.2168,4.5600000000000005,0.72,2.0
0.2172,4.48,0.72,2.0
0.2176,4.48,0.72,2.08
0.218,4.48,0.72,2.08
0.2184,4.48,0.72,2.08
0.2188,4.48,0.72,2.08
0.2192,4.48,0.72,2.16
0.2196,4.48,0.72,2.16
0.22,4.48,0.72,2.16
0.2204,4.48,0.72,2.24
0.2208,4.48,0.72,2.24
0.2212,4.48,0.72,2.24
0.2216,4.48,0.72,2.24
0.222,4.48,0.72,2.24
0.2224,4.48,0.72,2.32
0.2228,4.48,0.72,2.32
0.2232,4.4,0.72,2.32
0.2236,4.4,0.72,2.4
0.22399999999999998,4.4,0.72,2.4
0.2244,4.4,0.72,2.4
0.2248,4.4,0.72,2.48
0.2252,4.4,0.72,2.48
0.2256,4.4,0.72,2.48
0.226,4.4,0.72,2.48
0.2264,4.4,0.72,2.48
0.2268,4.4,0.72,2.56
0.2272,4.4,0.72,2.56
0.2276,4.32,0.72,2.56
0.228,4.32,0.72,2.56
0.2284,4.32,0.72,2.56
0.2288,4.32,0.72,2.64
0.2292,4.32,0.72,2.64
0.2296,4.32,0.72,2.64
0.23,4.32,0.72,2.72
0.2304,4.32,0.72,2.72
0.2308,4.32,0.72,2.72
0.2312,4.32,0.72,2.72
0.2316,4.24,0.72,2.8000000000000003
0.23199999999999998,4.32,0.72,2.8000000000000003
0.2324,4.24,0.72,2.8000000000000003
0.2328,4.24,0.72,2.8000000000000003
0.2332,4.24,0.72,2.88
0.2336,4.24,0.72,2.88
0.23399999999999999,4.24,0.72,2.88
0.23440000000000005,4.24,0.72,2.96
0.2348,4.24,0.72,2.96
0.2352,4.24,0.72,2.96
0.2356,4.24,0.72,2.96
0.236,4.24,0.72,3.04
0.2364,4.24,0.72,3.04
0.2368,4.24,0.72,3.04
0.2372,4.24,0.72,3.04
0.2376,4.24,0.72,3.12
0.238,4.16,0.72,3.12
0.2384,4.16,0.72,3.12
0.2388,4.16,0.72,3.2
0.2392,4.16,0.72,3.2
0.2396,4.16,0.72,3.2
0.24,4.16,0.72,3.2
0.2404,4.16,0.72,3.28
0.2408,4.16,0.72,3.28
0.2412,4.16,0.72,3.28
0.2416,4.16,0.72,3.28
0.242,4.16,0.72,3.28
0.2424,4.08,0.72,3.36
0.2428,4.08,0.72,3.36
0.2432,4.08,0.72,3.36
0.2436,4.08,0.72,3.44
0.244,4.08,0.72,3.44
0.2444,4.08,0.72,3.44
0.2448,4.08,0.72,3.44
0.2452,4.08,0.72,3.44
0.2456,4.08,0.72,3.52
0.246,4.08,0.72,3.52
0.2464,4.08,0.72,3.52
0.2468,4.08,0.72,3.52
0.2472,4.0,0.72,3.6
0.2476,4.0,0.72,3.6
0.248,4.0,0.72,3.68
0.2484,4.0,0.72,3.68
0.2488,4.0,0.72,3.68
0.2492,4.0,0.72,3.68
0.2496,4.0,0.72,3.76
0.25,4.0,0.72,3.76
0.2504,4.0,0.72,3.76
0.2508,4.0,0.72,3.76
0.25120000000000003,4.0,0.72,3.84
0.2516,4.0,0.72,3.84
0.252,4.0,0.72,3.84
0.2524,4.0,0.72,3.92
0.2528,4.0,0.72,3.92
0.25320000000000004,3.92,0.72,3.92
0.2536,4.0,0.72,3.92
0.254,3.92,0.72,4.0
0.2544,3.92,0.72,4.0
0.2548,3.92,0.72,4.0
0.25520000000000004,3.92,0.72,4.0
0.2556,3.92,0.72,4.0
0.256,3.92,0.72,4.08
0.2564,3.92,0.72,4.08
0.25680000000000003,3.92,0.72,4.08
0.25720000000000004,3.92,0.72,4.08
0.2576,3.92,0.72,4.16
0.258,3.92,0.72,4.16
0.2584,3.84,0.72,4.16
0.25880000000000003,3.84,0.72,4.24
0.2592,3.84,0.72,4.24
0.2596,3.84,0.72,4.24
0.26,3.84,0.72,4.24
0.2604,3.84,0.72,4.32
0.26080000000000003,3.84,0.72,4.32
0.2612,3.84,0.72,4.32
0.2616,3.84,0.72,4.32
0.262,3.76,0.72,4.4
0.2624,3.84,0.72,4.4
0.26280000000000003,3.76,0.72,4.4
0.2632,3.76,0.72,4.48
0.2636,3.76,0.72,4.48
0.264,3.76,0.72,4.48
0.2644,3.76,0.72,4.48
0.26480000000000004,3.76,0.72,4.5600000000000005
0.2652,3.76,0.72,4.5600000000000005
0.2656,3.76,0.72,4.5600000000000005
0.266,3.76,0.72,4.64
0.2664,3.76,0.72,4.64
0.26680000000000004,3.68,0.72,4.64
0.2672,3.68,0.72,4.72
0.2676,3.68,0.72,4.72
0.268,3.68,0.72,4.72
0.2684,3.68,0.72,4.72
0.26880000000000004,3.68,0.72,4.72
0.2692,3.68,0.72,4.8
0.2696,3.68,0.72,4.8
0.27,3.68,0.72,4.8
0.27040000000000003,3.68,0.72,4.8
0.27080000000000004,3.68,0.72,4.88
0.2712,3.68,0.72,4.88
0.2716,3.68,0.72,4.96
0.272,3.68,0.72,4.96
0.27240000000000003,3.68,0.72,4.96
0.2728,3.6,0.72,4.96
0.2732,3.6,0.72,4.96
0.2736,3.6,0.72,5.04
0.27399999999999997,3.6,0.72,5.04
0.27440000000000003,3.6,0.72,5.04
0.2748,3.6,0.72,5.12
0.2752,3.6,0.72,5.12
0.2756,3.6,0.72,5.12
0.276,3.6,0.72,5.2
0.27640000000000003,3.6,0.72,5.2
0.2768,3.52,0.72,5.2
0.2772,3.52,0.72,5.2
0.2776,3.52,0.72,5.28
0.278,3.52,0.72,5.28
0.27840000000000004,3.52,0.72,5.28
0.2788,3.52,0.72,5.28
0.2792,3.52,0.72,5.36
0.2796,3.52,0.72,5.36
0.28,3.52,0.72,5.44
0.28040000000000004,3.52,0.72,5.44
0.2808,3.52,0.72,5.44
0.2812,3.44,0.72,5.44
0.2816,3.52,0.72,5.44
0.28200000000000003,3.44,0.72,5.44
0.28240000000000004,3.44,0.72,5.5200000000000005
0.2828,3.44,0.72,5.5200000000000005
0.2832,3.44,0.72,5.5200000000000005
0.2836,3.44,0.72,5.6000000000000005
0.28400000000000003,3.44,0.72,5.6000000000000005
0.2844,3.44,0.72,5.6000000000000005
0.2848,3.44,0.72,5.6000000000000005
0.2852,3.44,0.72,5.68
0.2856,3.44,0.72,5.68
0.28600000000000003,3.44,0.72,5.68
0.2864,3.44,0.72,5.68
0.2868,3.44,0.72,5.76
0.2872,3.44,0.72,5.76
0.2876,3.36,0.72,5.76
0.28800000000000003,3.36,0.72,5.84
0.2884,3.36,0.72,5.84
0.2888,3.36,0.72,5.84
0.2892,3.36,0.72,5.92
0.2896,3.36,0.72,5.92
0.29000000000000004,3.36,0.72,5.92
0.2904,3.36,0.72,5.92
0.2908,3.36,0.72,6.0
0.2912,3.36,0.72,6.0
0.2916,3.36,0.72,6.0
0.29200000000000004,3.28,0.72,6.08
0.2924,3.28,0.72,6.08
0.2928,3.28,0.72,6.08
0.2932,3.28,0.72,6.08
0.2936,3.28,0.72,6.16
0.29400000000000004,3.28,0.72,6.16
0.2944,3.28,0.72,6.16
0.2948,3.28,0.72,6.16
0.2952,3.28,0.72,6.16
0.29560000000000003,3.28,0.72,6.24
0.29600000000000004,3.28,0.72,6.24
0.2964,3.28,0.72,6.24
0.2968,3.28,0.72,6.24
0.2972,3.2,0.72,6.32
0.29760000000000003,3.2,0.72,6.32
0.298,3.2,0.72,6.32
0.2984,3.2,0.72,6.4
0.2988,3.2,0.72,6.4
0.2992,3.2,0.72,6.4
0.29960000000000003,3.2,0.72,6.4
0.3,3.2,0.72,6.48
0.3004,3.2,0.72,6.48
0.3008,3.2,0.72,6.48
0.3012,3.2,0.72,6.5600000000000005
0.30160000000000003,3.2,0.72,6.5600000000000005
0.302,3.2,0.72,6.5600000000000005
0.3024,3.2,0.72,6.5600000000000005
0.3028,3.12,0.72,6.6400000000000015
0.3032,3.12,0.72,6.6400000000000015
0.30360000000000004,3.12,0.72,6.6400000000000015
0.304,3.12,0.72,6.6400000000000015
0.3044,3.12,0.72,6.72
0.3048,3.12,0.72,6.72
0.3052,3.12,0.72,6.8
0.30560000000000004,3.12,0.72,6.8
0.306,3.12,0.72,6.8
0.3064,3.12,0.72,6.8
0.3068,3.12,0.72,6.88
0.30720000000000003,3.04,0.72,6.88
0.30760000000000004,3.04,0.72,6.88
0.308,3.04,0.72,6.88
0.3084,3.04,0.72,6.88
0.3088,3.04,0.72,6.88
0.30920000000000003,3.04,0.72,6.96
0.30960000000000004,3.04,0.72,6.96
0.31,3.04,0.72,6.96
0.3104,3.04,0.72,7.04
0.3108,3.04,0.72,7.04
0.31120000000000003,3.04,0.72,7.12
0.3116,2.96,0.72,7.12
0.312,2.96,0.72,7.12
0.3124,2.96,0.72,7.12
0.3128,2.96,0.72,7.12
0.31320000000000003,2.96,0.72,7.2
0.3136,2.96,0.72,7.2
0.314,2.96,0.72,7.2
0.3144,2.96,0.72,7.28
0.3148,2.96,0.72,7.28
0.31520000000000004,2.96,0.72,7.28
0.3156,2.96,0.72,7.28
0.316,2.88,0.72,7.36
0.3164,2.88,0.72,7.36
0.3168,2.88,0.72,7.36
0.31720000000000004,2.88,0.72,7.44
0.3176,2.88,0.72,7.44
0.318,2.88,0.72,7.44
0.3184,2.88,0.72,7.44
0.31880000000000003,2.88,0.72,7.52
0.31920000000000004,2.88,0.72,7.52
0.3196,2.88,0.72,7.52
0.32,2.88,0.72,7.6
0.3204,2.88,0.72,7.6
0.32080000000000003,2.88,0.72,7.6
0.32120000000000004,2.88,0.72,7.6
0.3216,2.88,0.72,7.68
0.322,2.8000000000000003,0.72,7.68
0.3224,2.8000000000000003,0.72,7.68
0.32280000000000003,2.8000000000000003,0.72,7.68
0.32320000000000004,2.8000000000000003,0.72,7.76
0.3236,2.8000000000000003,0.72,7.76
0.324,2.8000000000000003,0.72,7.84
0.3244,2.8000000000000003,0.72,7.84
0.32480000000000003,2.8000000000000003,0.72,7.84
0.3252,2.8000000000000003,0.72,7.84
0.3256,2.8000000000000003,0.72,7.84
0.326,2.8000000000000003,0.72,7.92
0.3264,2.8000000000000003,0.72,7.92
0.32680000000000003,2.72,0.72,7.92
0.3272,2.72,0.72,8.0
0.3276,2.72,0.72,8.0
0.32799999999999996,2.72,0.72,8.0
0.3284,2.72,0.72,8.08
0.32880000000000004,2.72,0.72,8.08
0.3292,2.72,0.72,8.08
0.3296,2.72,0.72,8.08
0.33,2.72,0.72,8.16
0.3304,2.72,0.72,8.16
0.33080000000000004,2.72,0.72,8.16
0.3312,2.64,0.72,8.16
0.3316,2.64,0.72,8.16
0.332,2.64,0.72,8.24
0.33240000000000003,2.64,0.72,8.24
0.33280000000000004,2.64,0.72,8.24
0.3332,2.64,0.72,8.32
0.3336,2.64,0.72,8.32
0.33399999999999996,2.64,0.72,8.32
0.33440000000000003,2.64,0.72,8.32
0.33480000000000004,2.64,0.72,8.4
0.3352,2.64,0.72,8.4
0.3356,2.64,0.72,8.4
0.336,2.64,0.72,8.48
0.33640000000000003,2.64,0.72,8.48
0.33680000000000004,2.64,0.72,8.48
0.3372,2.56,0.72,8.56
0.3376,2.56,0.72,8.56
0.33799999999999997,2.56,0.72,8.56
0.33840000000000003,2.56,0.72,8.56
0.3388,2.56,0.72,8.64
0.3392,2.56,0.72,8.64
0.3396,2.56,0.72,8.64
0.34,2.56,0.72,8.64
0.34040000000000004,2.56,0.72,8.72
0.3408,2.56,0.72,8.72
0.3412,2.56,0.72,8.72
0.3416,2.56,0.72,8.8
0.342,2.56,0.72,8.8
0.34240000000000004,2.56,0.72,8.8
0.3428,2.48,0.72,8.8
0.3432,2.48,0.72,8.88
0.3436,2.48,0.72,8.88
0.34400000000000003,2.48,0.72,8.88
0.34440000000000004,2.48,0.72,8.88
0.3448,2.48,0.72,8.96
0.3452,2.48,0.72,8.96
0.3456,2.48,0.72,8.96
0.34600000000000003,2.48,0.72,8.96
0.34640000000000004,2.4,0.72,9.04
0.3468,2.4,0.72,9.04
0.3472,2.4,0.72,9.04
0.3476,2.4,0.72,9.04
0.34800000000000003,2.4,0.72,9.12
0.34840000000000004,2.4,0.72,9.12
0.3488,2.4,0.72,9.12
0.3492,2.4,0.72,9.2
0.3496,2.4,0.72,9.2
0.35000000000000003,2.4,0.72,9.2
0.3504,2.4,0.72,9.28
0.3508,2.4,0.72,9.28
0.3512,2.4,0.72,9.28
0.3516,2.4,0.72,9.28
0.35200000000000004,2.32,0.72,9.36
0.3524,2.4,0.72,9.36
0.3528,2.32,0.72,9.36
0.3532,2.32,0.72,9.44
0.3536,2.32,0.72,9.44
0.35400000000000004,2.32,0.72,9.44
0.3544,2.32,0.72,9.52
0.3548,2.32,0.72,9.52
0.3552,2.32,0.72,9.52
0.3556,2.32,0.72,9.52
0.35600000000000004,2.32,0.72,9.6
0.3564,2.32,0.72,9.6
0.3568,2.24,0.72,9.6
0.3572,2.32,0.72,9.6
0.35760000000000003,2.24,0.72,9.6
0.35800000000000004,2.24,0.72,9.68
0.3584,2.24,0.72,9.68
0.3588,2.24,0.72,9.68
0.3592,2.24,0.72,9.76
0.35960000000000003,2.24,0.72,9.76
0.36000000000000004,2.24,0.72,9.76
0.3604,2.24,0.72,9.76
0.3608,2.24,0.72,9.84
0.3612,2.16,0.72,9.84
0.3616,2.16,0.72,9.84
0.362,2.16,0.72,9.84
0.3624,2.16,0.72,9.92
0.3628,2.16,0.72,9.92
0.3632,2.16,0.72,9.92
0.3636,2.16,0.72,10.0
0.364,2.16,0.72,10.0
0.3644,2.16,0.72,10.0
0.3648,2.16,0.72,10.08
0.3652,2.16,0.72,10.08
0.3656,2.16,0.72,10.08
0.366,2.08,0.72,10.08
0.3664,2.08,0.72,10.16
0.3668,2.08,0.72,10.16
0.3672,2.08,0.72,10.16
0.3676,2.08,0.72,10.24
0.368,2.08,0.72,10.24
0.3684,2.08,0.72,10.24
0.3688,2.08,0.72,10.32
0.3692,2.08,0.72,10.32
0.3696,2.08,0.72,10.32
0.37,2.08,0.72,10.32
0.3704,2.08,0.72,10.32
0.3708,2.08,0.72,10.4
0.3712,2.08,0.72,10.4
0.3716,2.08,0.72,10.48
0.37200000000000005,2.0,0.72,10.48
0.3724,2.0,0.72,10.48
0.3728,2.0,0.72,10.48
0.3732,2.0,0.72,10.56
0.3736,2.0,0.72,10.56
0.374,2.0,0.72,10.56
0.3744,2.0,0.72,10.56
0.3748,2.0,0.72,10.64
0.3752,2.0,0.72,10.64
0.3756,2.0,0.72,10.64
0.376,2.0,0.72,10.64
0.3764,1.92,0.72,10.72
0.3768,1.92,0.72,10.72
0.3772,1.92,0.72,10.8
0.3776,1.92,0.72,10.8
0.37799999999999995,1.92,0.72,10.8
0.3784,1.92,0.64,10.8
0.3788,1.92,0.72,10.8
0.3792,1.92,0.72,10.88
0.3796,1.92,0.72,10.88
0.38,1.92,0.72,10.96
0.3804,1.84,0.72,10.96
0.3808,1.84,0.72,10.96
0.3812,1.84,0.72,10.96
0.3816,1.84,0.72,11.04
0.382,1.84,0.72,11.04
0.3824,1.84,0.72,11.04
0.3828,1.84,0.72,11.04
0.3832,1.84,0.72,11.04
0.3836,1.84,0.72,11.04
0.384,1.84,0.72,11.12
0.3844,1.84,0.72,11.12
0.3848,1.84,0.72,11.2
0.3852,1.84,0.72,11.2
0.3856,1.84,0.72,11.2
0.386,1.84,0.72,11.2
0.3864,1.84,0.72,11.28
0.3868,1.84,0.72,11.28
0.3872,1.76,0.72,11.28
0.3876,1.76,0.72,11.28
0.38799999999999996,1.76,0.72,11.36
0.3884,1.76,0.72,11.36
0.3888,1.76,0.72,11.36
0.3892000000000001,1.76,0.72,11.44
0.3896,1.76,0.72,11.44
0.39,1.76,0.72,11.44
0.3904,1.76,0.72,11.52
0.3908,1.76,0.72,11.52
0.3912,1.76,0.72,11.52
0.3916,1.76,0.72,11.52
0.392,1.68,0.72,11.6
0.3924,1.68,0.72,11.6
0.3928,1.68,0.72,11.6
0.3932,1.68,0.72,11.6
0.3936,1.68,0.72,11.68
0.39399999999999996,1.68,0.72,11.68
0.3944,1.68,0.72,11.68
0.3948,1.68,0.72,11.76
0.3952,1.68,0.72,11.76
0.3956,1.68,0.72,11.76
0.396,1.6,0.72,11.76
0.3964,1.6,0.72,11.76
0.3968,1.6,0.72,11.76
0.3972,1.6,0.72,11.84
0.3976,1.6,0.72,11.84
0.39799999999999996,1.6,0.72,11.92
0.3984,1.6,0.72,11.92
0.3988,1.6,0.72,11.92
0.3992,1.6,0.72,11.92
0.3996,1.6,0.72,12.0
0.4,1.6,0.72,12.0
0.4004,1.6,0.72,12.0
0.4008000000000001,1.6,0.72,12.0
0.4012,1.6,0.72,12.08
0.4016,1.6,0.72,12.08
0.402,1.6,0.72,12.08
0.4024,1.6,0.72,12.16
0.4028000000000001,1.52,0.72,12.16
0.4032,1.52,0.72,12.16
0.4036,1.52,0.72,12.16
0.40399999999999997,1.52,0.72,12.24
0.4044,1.52,0.72,12.24
0.4048,1.52,0.72,12.24
0.4052,1.52,0.72,12.24
0.4056,1.52,0.72,12.32
0.406,1.52,0.72,12.32
0.4064,1.52,0.72,12.32
0.4068,1.44,0.72,12.4
0.4072,1.52,0.72,12.4
0.4076,1.44,0.72,12.4
0.408,1.44,0.72,12.48
0.4084,1.44,0.72,12.48
0.4088,1.44,0.72,12.48
0.4092,1.44,0.72,12.48
0.4096,1.44,0.72,12.48
0.41,1.44,0.72,12.48
0.4104,1.44,0.72,12.56
0.4108,1.36,0.72,12.56
0.4112,1.36,0.72,12.56
0.4116,1.36,0.72,12.64
0.412,1.36,0.72,12.64
0.4124,1.36,0.72,12.64
0.4128,1.36,0.72,12.72
0.4132,1.36,0.72,12.72
0.4136,1.36,0.72,12.72
0.414,1.36,0.72,12.72
0.4144000000000001,1.36,0.72,12.8
0.4148,1.36,0.72,12.8
0.4152,1.28,0.72,12.8
0.4156,1.28,0.72,12.8
0.416,1.28,0.72,12.88
0.4164,1.28,0.72,12.88
0.4168,1.28,0.72,12.88
0.4172,1.28,0.72,12.96
0.4176,1.28,0.72,12.96
0.418,1.28,0.72,12.96
0.4184,1.28,0.64,12.96
0.4188,1.28,0.64,12.96
0.4192,1.28,0.72,13.04
0.4196,1.28,0.72,13.04
0.42,1.28,0.72,13.04
0.4204,1.28,0.72,13.12
0.4208,1.28,0.72,13.12
0.4212,1.28,0.72,13.12
0.4216,1.28,0.64,13.2
0.422,1.28,0.72,13.2
0.4224,1.2,0.72,13.2
0.4228,1.2,0.64,13.2
0.4232,1.2,0.64,13.28
0.4236,1.2,0.64,13.28
0.424,1.2,0.72,13.28
0.4244,1.2,0.72,13.28
0.4248,1.2,0.64,13.36
0.4252,1.2,0.72,13.36
0.4256,1.2,0.64,13.36
0.4260000000000001,1.2,0.64,13.44
0.4264,1.2,0.64,13.44
0.4268,1.12,0.64,13.44
0.4272,1.12,0.64,13.44
0.4276,1.12,0.64,13.44
0.4280000000000001,1.12,0.64,13.52
0.4284,1.12,0.64,13.52
0.4288,1.12,0.64,13.52
0.4292,1.12,0.64,13.6
0.4296,1.12,0.64,13.6
0.43,1.12,0.64,13.6
0.4304,1.12,0.64,13.68
0.4308,1.12,0.64,13.68
0.4312,1.12,0.64,13.68
0.4316,1.04,0.64,13.68
0.43200000000000005,1.04,0.64,13.76
0.4324,1.04,0.64,13.76
0.4328,1.04,0.64,13.76
0.4332,1.04,0.64,13.76
0.4336,1.04,0.64,13.84
0.434,1.04,0.64,13.84
0.4344,1.04,0.64,13.84
0.4348,1.04,0.64,13.84
0.4352,1.04,0.64,13.84
0.4356,1.04,0.64,13.92
0.436,1.04,0.64,13.92
0.4364,1.04,0.64,13.92
0.4368,1.04,0.64,13.92
0.4372,0.96,0.64,14.0
0.4376,0.96,0.64,14.0
0.43799999999999994,0.96,0.64,14.0
0.4384,0.96,0.64,14.0
0.4388,0.96,0.64,14.08
0.4392,0.96,0.64,14.08
0.4396000000000001,0.96,0.64,14.08
0.44,0.96,0.64,14.08
0.4404,0.96,0.64,14.16
0.4408,0.96,0.64,14.16
0.4412,0.96,0.64,14.16
0.4416000000000001,0.88,0.64,14.16
0.442,0.88,0.64,14.24
0.4424,0.88,0.64,14.24
0.4428,0.88,0.64,14.24
0.4432,0.88,0.64,14.24
0.4436,0.88,0.64,14.32
0.444,0.88,0.64,14.32
0.4444,0.88,0.64,14.32
0.4448,0.88,0.64,14.4
0.4452,0.88,0.64,14.4
0.4456,0.88,0.64,14.4
0.446,0.88,0.64,14.4
0.4464,0.8,0.64,14.4
0.4468,0.8,0.64,14.48
0.4472,0.8,0.64,14.48
0.4476,0.8,0.64,14.48
0.44799999999999995,0.8,0.64,14.48
0.4484,0.8,0.64,14.56
0.4488,0.8,0.64,14.56
0.4492,0.8,0.64,14.56
0.4496,0.8,0.64,14.56
0.45,0.8,0.64,14.64
0.4504,0.8,0.64,14.64
0.4508,0.8,0.64,14.64
0.4512000000000001,0.8,0.64,14.64
0.4516,0.8,0.64,14.64
0.452,0.72,0.64,14.64
0.4524,0.72,0.64,14.72
0.4528,0.72,0.64,14.72
0.4532000000000001,0.72,0.64,14.72
0.4536,0.72,0.64,14.72
0.45399999999999996,0.72,0.64,14.8
0.4544,0.72,0.64,14.8
0.4548,0.72,0.64,14.8
0.4552000000000001,0.72,0.64,14.8
0.4556,0.72,0.64,14.8
0.456,0.72,0.64,14.88
0.4564,0.72,0.64,14.88
0.4568,0.64,0.64,14.88
0.4572,0.64,0.64,14.88
0.4576,0.64,0.64,14.96
0.45799999999999996,0.64,0.64,14.96
0.4584,0.64,0.64,14.96
0.4588,0.64,0.64,14.96
0.4592,0.64,0.64,14.96
0.4596,0.64,0.64,14.96
0.46,0.64,0.64,15.04
0.4604,0.64,0.64,15.04
0.4608,0.64,0.64,15.04
0.4612,0.56,0.64,15.04
0.4616,0.64,0.64,15.04
0.462,0.56,0.64,15.12
0.4624,0.56,0.64,15.12
0.4628,0.56,0.64,15.12
0.4632,0.56,0.64,15.12
0.4636,0.56,0.56,15.12
0.46399999999999997,0.56,0.56,15.12
0.4644,0.56,0.64,15.12
0.4648000000000001,0.56,0.56,15.12
0.4652,0.56,0.56,15.12
0.4656,0.56,0.56,15.12
0.466,0.48,0.56,15.12
0.4664,0.48,0.56,15.12
0.4668000000000001,0.48,0.56,15.12
0.4672,0.48,0.56,15.2
0.4676,0.48,0.56,15.2
0.46799999999999997,0.48,0.56,15.12
0.4684,0.48,0.56,15.12
0.4688000000000001,0.48,0.56,15.12
0.4692,0.48,0.56,15.12
0.4696,0.48,0.56,15.2
0.47,0.48,0.56,15.2
0.4704,0.48,0.48,15.2
0.4708,0.48,0.48,15.2
0.4712,0.48,0.48,15.2
0.4716,0.48,0.48,15.2
0.472,0.48,0.48,15.12
0.4724,0.4,0.48,15.2
0.4728,0.4,0.48,15.12
0.4732,0.4,0.48,15.2
0.4736,0.4,0.48,15.2
0.474,0.4,0.48,15.2
0.4744,0.4,0.48,15.2
0.4748,0.4,0.48,15.2
0.4752,0.4,0.4,15.2
0.4756,0.4,0.4,15.2
0.476,0.4,0.4,15.12
0.4764000000000001,0.4,0.4,15.2
0.4768,0.4,0.4,15.2
0.4772,0.4,0.4,15.2
0.4776,0.32,0.4,15.2
0.478,0.32,0.4,15.12
0.4784000000000001,0.32,0.4,15.2
0.4788,0.32,0.4,15.2
0.4792,0.32,0.4,15.2
0.4796,0.32,0.4,15.2
0.48,0.32,0.32,15.2
0.4804000000000001,0.32,0.32,15.2
0.4808,0.32,0.32,15.2
0.4812,0.32,0.32,15.2
0.4816,0.32,0.32,15.2
0.482,0.32,0.32,15.2
0.4824,0.24,0.32,15.2
0.4828,0.24,0.32,15.2
0.4832,0.24,0.32,15.2
0.4836,0.24,0.32,15.2
0.484,0.24,0.32,15.2
0.4844,0.24,0.32,15.2
0.4848,0.24,0.32,15.2
0.4852,0.24,0.32,15.2
0.4856,0.24,0.32,15.2
0.486,0.24,0.24,15.2
0.4864,0.24,0.32,15.2
0.4868,0.24,0.24,15.12
0.4872,0.24,0.24,15.2
0.4876,0.24,0.24,15.2
0.488,0.16,0.24,15.2
0.4884,0.16,0.24,15.2
0.4888,0.16,0.24,15.2
0.4892,0.16,0.24,15.2
0.4896,0.16,0.24,15.12
0.4900000000000001,0.16,0.24,15.12
0.4904,0.16,0.24,15.12
0.4908,0.16,0.16,15.2
0.4912,0.16,0.24,15.2
0.4916,0.16,0.16,15.12
0.4920000000000001,0.16,0.16,15.12
0.4924,0.16,0.16,15.2
0.4928,0.08,0.16,15.2
0.4932,0.08,0.16,15.2
0.4936,0.08,0.16,15.2
0.4940000000000001,0.08,0.16,15.2
0.4944,0.08,0.16,15.2
0.4948,0.08,0.16,15.12
0.4952,0.08,0.16,15.2
0.4956,0.08,0.16,15.2
0.496,0.08,0.16,15.2
0.4964,0.08,0.08,15.2
0.4968,0.0,0.08,15.12
0.4972,0.08,0.08,15.2
0.4976,0.0,0.08,15.2
0.498,0.0,0.08,15.2
0.4984,0.0,0.08,15.2
0.4988,0.0,0.08,15.12
0.4992,0.0,0.08,15.2
0.4996,0.0,0.08,15.2
0.5,0.0,0.08,15.2
0.5004000000000001,0.0,0.08,15.2
0.5008,0.0,0.08,15.2
0.5012,0.0,0.08,15.2
0.5016,0.0,0.08,15.2
0.502,0.0,0.08,15.2
0.5024000000000001,0.0,0.08,15.2
0.5028,0.0,0.08,15.2
0.5032,0.0,0.08,15.12
0.5036,0.08,0.08,15.2
0.504,0.08,0.08,15.2
0.5044000000000001,0.08,0.08,15.2
0.5048,0.08,0.16,15.2
0.5052,0.08,0.16,15.2
0.5056,0.08,0.16,15.2
0.506,0.08,0.16,15.2
0.5064000000000001,0.08,0.16,15.12
0.5068,0.08,0.16,15.2
0.5072,0.08,0.16,15.2
0.5076,0.08,0.16,15.2
0.508,0.16,0.16,15.2
0.5084000000000001,0.16,0.16,15.2
0.5088,0.16,0.16,15.2
0.5092,0.16,0.16,15.2
0.5096,0.16,0.24,15.2
0.51,0.16,0.24,15.2
0.5104000000000001,0.16,0.24,15.2
0.5108,0.16,0.24,15.12
0.5112,0.16,0.24,15.2
0.5116,0.16,0.24,15.2
0.512,0.16,0.24,15.2
0.5124000000000001,0.16,0.24,15.2
0.5128,0.16,0.24,15.2
0.5132,0.24,0.24,15.2
0.5136000000000001,0.24,0.24,15.2
0.514,0.24,0.32,15.2
0.5144000000000001,0.24,0.32,15.2
0.5148,0.24,0.32,15.2
0.5152,0.24,0.32,15.2
0.5156000000000001,0.24,0.32,15.12
0.516,0.24,0.32,15.2
0.5164,0.24,0.32,15.12
0.5168,0.24,0.32,15.2
0.5172,0.24,0.32,15.2
0.5176000000000001,0.24,0.32,15.12
0.518,0.24,0.32,15.12
0.5184,0.24,0.32,15.2
0.5188,0.32,0.32,15.2
0.5192,0.32,0.32,15.2
0.5196000000000001,0.32,0.32,15.2
0.52,0.32,0.32,15.2
0.5204,0.32,0.4,15.2
0.5208,0.32,0.4,15.2
0.5212,0.32,0.4,15.2
0.5216000000000001,0.32,0.4,15.2
0.522,0.32,0.4,15.2
0.5224,0.32,0.4,15.12
0.5228,0.32,0.4,15.2
0.5232,0.32,0.4,15.2
0.5236000000000001,0.32,0.4,15.2
0.524,0.4,0.4,15.2
0.5244,0.4,0.4,15.2
0.5248,0.4,0.4,15.2
0.5252,0.4,0.4,15.2
0.5256000000000001,0.4,0.4,15.2
0.526,0.4,0.48,15.2
0.5264,0.4,0.48,15.2
0.5268,0.4,0.48,15.2
0.5272,0.4,0.48,15.2
0.5276000000000001,0.4,0.48,15.2
0.528,0.48,0.48,15.2
0.5284,0.48,0.48,15.2
0.5288,0.48,0.48,15.2
0.5292,0.48,0.48,15.2
0.5296000000000001,0.48,0.48,15.2
0.53,0.48,0.48,15.2
0.5304,0.48,0.48,15.2
0.5308,0.48,0.56,15.12
0.5312,0.48,0.48,15.2
0.5316000000000001,0.48,0.56,15.12
0.532,0.48,0.56,15.2
0.5324,0.48,0.56,15.2
0.5328,0.48,0.56,15.12
0.5332,0.48,0.56,15.2
0.5336000000000001,0.48,0.56,15.12
0.534,0.48,0.56,15.12
0.5344,0.56,0.56,15.12
0.5348,0.56,0.56,15.12
0.5352,0.56,0.56,15.12
0.5356000000000001,0.56,0.64,15.12
0.536,0.56,0.64,15.12
0.5364,0.56,0.56,15.12
0.5368,0.56,0.64,15.12
0.5372,0.56,0.56,15.12
0.5376000000000001,0.56,0.64,15.12
0.5379999999999999,0.56,0.64,15.12
0.5384,0.56,0.64,15.12
0.5388000000000001,0.56,0.64,15.04
0.5392,0.56,0.64,15.04
0.5396000000000001,0.56,0.64,15.04
0.54,0.64,0.64,15.04
0.5404,0.64,0.64,15.04
0.5408000000000001,0.64,0.64,14.96
0.5412,0.64,0.64,14.96
0.5416000000000001,0.64,0.64,14.96
0.542,0.64,0.64,14.96
0.5424,0.64,0.64,14.96
0.5428000000000001,0.64,0.64,14.88
0.5432,0.64,0.64,14.88
0.5436,0.64,0.64,14.88
0.544,0.72,0.64,14.88
0.5444,0.72,0.64,14.88
0.5448000000000001,0.72,0.64,14.88
0.5452,0.72,0.64,14.8
0.5456,0.72,0.64,14.8
0.546,0.72,0.64,14.8
0.5464,0.72,0.64,14.8
0.5468000000000001,0.72,0.64,14.72
0.5472,0.8,0.64,14.72
0.5476,0.72,0.64,14.72
0.5479999999999999,0.8,0.64,14.72
0.5484,0.8,0.64,14.64
0.5488000000000001,0.8,0.64,14.64
0.5492,0.8,0.64,14.64
0.5496,0.8,0.64,14.64
0.55,0.8,0.64,14.64
0.5504,0.8,0.64,14.64
0.5508000000000001,0.8,0.64,14.56
0.5512,0.8,0.64,14.56
0.5516,0.8,0.64,14.56
0.552,0.8,0.64,14.56
0.5524,0.8,0.64,14.56
0.5528000000000001,0.8,0.64,14.48
0.5532,0.8,0.64,14.48
0.5536,0.88,0.64,14.48
0.5539999999999999,0.8,0.64,14.48
0.5544,0.88,0.64,14.4
0.5548000000000001,0.88,0.64,14.4
0.5552,0.88,0.64,14.4
0.5556,0.88,0.64,14.4
0.556,0.88,0.64,14.32
0.5564,0.88,0.64,14.32
0.5568000000000001,0.88,0.64,14.32
0.5572,0.88,0.64,14.24
0.5576,0.88,0.64,14.24
0.5579999999999999,0.88,0.64,14.24
0.5584,0.88,0.64,14.24
0.5588000000000001,0.88,0.64,14.16
0.5592,0.96,0.64,14.16
0.5596,0.96,0.64,14.16
0.56,0.96,0.64,14.16
0.5604,0.96,0.64,14.16
0.5608000000000001,0.96,0.64,14.08
0.5612,0.96,0.64,14.08
0.5616,0.96,0.64,14.08
0.562,0.96,0.64,14.0
0.5624,0.96,0.64,14.0
0.5628000000000001,1.04,0.64,14.0
0.5632,1.04,0.64,13.92
0.5636,1.04,0.64,13.92
0.5640000000000001,1.04,0.64,13.92
0.5644,1.04,0.64,13.92
0.5648000000000001,1.04,0.64,13.92
0.5652,1.04,0.64,13.84
0.5656,1.04,0.64,13.84
0.5660000000000001,1.04,0.64,13.84
0.5664,1.04,0.64,13.84
0.5668000000000001,1.04,0.64,13.84
0.5672,1.04,0.64,13.84
0.5676,1.04,0.64,13.76
0.5680000000000001,1.04,0.64,13.76
0.5684,1.04,0.64,13.68
0.5688,1.04,0.64,13.68
0.5692,1.04,0.64,13.68
0.5696,1.12,0.64,13.68
0.5700000000000001,1.12,0.72,13.68
0.5704,1.12,0.64,13.6
0.5708,1.12,0.64,13.6
0.5712,1.12,0.64,13.6
0.5716,1.12,0.72,13.52
0.5720000000000001,1.12,0.64,13.52
0.5724,1.12,0.64,13.52
0.5728,1.12,0.64,13.52
0.5732,1.12,0.64,13.44
0.5736,1.2,0.64,13.44
0.5740000000000001,1.2,0.64,13.44
0.5744,1.2,0.64,13.44
0.5748,1.2,0.72,13.44
0.5752,1.2,0.64,13.36
0.5756,1.2,0.72,13.36
0.5760000000000001,1.2,0.64,13.28
0.5764,1.2,0.64,13.28
0.5768,1.2,0.64,13.28
0.5772,1.2,0.64,13.2
0.5776,1.2,0.64,13.2
0.5780000000000001,1.2,0.64,13.2
0.5784,1.2,0.72,13.2
0.5788,1.28,0.72,13.12
0.5792,1.28,0.72,13.2
0.5796,1.28,0.64,13.12
0.5800000000000001,1.28,0.72,13.12
0.5804,1.28,0.72,13.04
0.5808,1.28,0.72,13.04
0.5812,1.28,0.72,13.04
0.5816,1.28,0.72,13.04
0.5820000000000001,1.28,0.72,12.96
0.5824,1.28,0.72,12.96
0.5828,1.28,0.72,12.96
0.5832,1.28,0.64,12.96
0.5836,1.28,0.72,12.88
0.5840000000000001,1.28,0.72,12.88
0.5844,1.28,0.72,12.88
0.5848,1.28,0.72,12.8
0.5852,1.28,0.72,12.8
0.5856,1.36,0.72,12.8
0.5860000000000001,1.36,0.72,12.8
0.5864,1.36,0.72,12.72
0.5868,1.36,0.72,12.72
0.5872,1.36,0.72,12.72
0.5876,1.36,0.72,12.72
0.5880000000000001,1.36,0.72,12.64
0.5884,1.36,0.64,12.64
0.5888,1.36,0.72,12.64
0.5892000000000001,1.36,0.72,12.64
0.5896,1.36,0.72,12.56
0.5900000000000001,1.44,0.72,12.56
0.5904,1.44,0.72,12.56
0.5908,1.44,0.72,12.48
0.5912000000000001,1.44,0.72,12.48
0.5916,1.44,0.72,12.48
0.5920000000000001,1.44,0.72,12.48
0.5924,1.44,0.72,12.48
0.5928,1.44,0.72,12.4
0.5932000000000001,1.44,0.72,12.4
0.5936,1.44,0.72,12.4
0.5940000000000001,1.44,0.72,12.4
0.5944,1.52,0.72,12.32
0.5948,1.52,0.72,12.32
0.5952000000000001,1.52,0.72,12.32
0.5956,1.52,0.72,12.24
0.596,1.52,0.72,12.24
0.5964,1.52,0.72,12.24
0.5968,1.52,0.72,12.24
0.5972000000000001,1.52,0.72,12.16
0.5976,1.52,0.72,12.16
0.598,1.52,0.72,12.16
0.5984,1.6,0.72,12.08
0.5988,1.6,0.72,12.08
0.5992000000000001,1.6,0.72,12.08
0.5996,1.6,0.72,12.0
0.6,1.6,0.72,12.0
0.6004,1.6,0.72,12.0
0.6008,1.6,0.72,12.0
0.6012000000000001,1.6,0.72,11.92
0.6016,1.6,0.72,11.92
0.602,1.6,0.72,11.92
0.6024,1.6,0.72,11.92
0.6028,1.6,0.72,11.84
0.6032000000000001,1.6,0.72,11.84
0.6036,1.6,0.72,11.84
0.604,1.68,0.72,11.76
0.6044,1.68,0.72,11.76
0.6048,1.68,0.72,11.76
0.6052000000000001,1.68,0.72,11.76
0.6056,1.68,0.72,11.76
0.606,1.68,0.72,11.68
0.6064,1.68,0.72,11.68
0.6068,1.68,0.72,11.68
0.6072000000000001,1.68,0.72,11.68
0.6076,1.68,0.72,11.6
0.608,1.68,0.72,11.6
0.6084,1.68,0.72,11.6
0.6088,1.68,0.72,11.52
0.6092000000000001,1.68,0.72,11.52
0.6096,1.76,0.72,11.52
0.61,1.76,0.72,11.52
0.6104,1.76,0.72,11.44
0.6108,1.76,0.72,11.44
0.6112000000000001,1.76,0.72,11.44
0.6116,1.76,0.72,11.44
0.612,1.76,0.72,11.36
0.6124,1.76,0.72,11.36
0.6128,1.76,0.72,11.36
0.6132000000000001,1.76,0.72,11.28
0.6136,1.84,0.72,11.28
0.614,1.84,0.72,11.28
0.6144000000000001,1.84,0.72,11.2
0.6148,1.84,0.72,11.2
0.6152000000000001,1.84,0.72,11.2
0.6156,1.84,0.72,11.12
0.616,1.84,0.72,11.12
0.6164000000000001,1.84,0.72,11.12
0.6168,1.84,0.72,11.12
0.6172000000000001,1.84,0.72,11.04
0.6176,1.84,0.72,11.04
0.618,1.84,0.72,11.04
0.6184000000000001,1.84,0.72,11.04
0.6188,1.84,0.72,11.04
0.6192000000000001,1.84,0.72,10.96
0.6196,1.84,0.72,10.96
0.62,1.92,0.72,10.96
0.6204000000000001,1.92,0.72,10.88
0.6208,1.92,0.72,10.88
0.6212,1.92,0.72,10.88
0.6216,1.92,0.72,10.8
0.622,1.92,0.72,10.8
0.6224000000000001,1.92,0.72,10.8
0.6228,1.92,0.72,10.8
0.6232,1.92,0.72,10.8
0.6236,1.92,0.72,10.72
0.624,1.92,0.72,10.72
0.6244000000000001,1.92,0.72,10.72
0.6248,2.0,0.72,10.64
0.6252,2.0,0.72,10.64
0.6256,2.0,0.72,10.64
0.626,2.0,0.72,10.56
0.6264000000000001,2.0,0.72,10.56
0.6268,2.0,0.72,10.56
0.6272,2.0,0.72,10.56
0.6276,2.0,0.72,10.56
0.628,2.0,0.72,10.48
0.6284000000000001,2.08,0.72,10.48
0.6288,2.0,0.72,10.4
0.6292,2.08,0.72,10.4
0.6296,2.08,0.72,10.4
0.63,2.08,0.72,10.32
0.6304000000000001,2.08,0.72,10.32
0.6308,2.08,0.72,10.32
0.6312,2.08,0.72,10.32
0.6316,2.08,0.72,10.24
0.632,2.08,0.72,10.24
0.6324000000000001,2.08,0.72,10.24
0.6328,2.08,0.72,10.24
0.6332,2.08,0.72,10.24
0.6336,2.08,0.72,10.16
0.634,2.08,0.72,10.16
0.6344000000000001,2.16,0.72,10.08
0.6348,2.16,0.72,10.08
0.6352,2.16,0.72,10.08
0.6356,2.16,0.72,10.08
0.636,2.16,0.72,10.08
0.6364000000000001,2.16,0.72,10.0
0.6368,2.16,0.72,10.0
0.6372,2.16,0.72,10.0
0.6376000000000001,2.16,0.72,9.92
0.638,2.16,0.72,9.92
0.6384000000000001,2.24,0.72,9.92
0.6388,2.16,0.72,9.84
0.6392,2.24,0.72,9.84
0.6396000000000001,2.24,0.72,9.84
0.64,2.24,0.72,9.84
0.6404000000000001,2.24,0.72,9.76
0.6408,2.24,0.72,9.76
0.6412,2.24,0.72,9.76
0.6416000000000001,2.24,0.72,9.68
0.642,2.24,0.72,9.68
0.6424000000000001,2.24,0.72,9.68
0.6428,2.24,0.72,9.6
0.6432,2.24,0.72,9.6
0.6436000000000001,2.24,0.72,9.6
0.644,2.32,0.72,9.6
0.6444000000000001,2.32,0.72,9.6
0.6448,2.32,0.72,9.6
0.6452,2.32,0.72,9.52
0.6456000000000001,2.32,0.72,9.52
0.6459999999999999,2.32,0.72,9.52
0.6464000000000001,2.32,0.72,9.44
0.6468,2.32,0.72,9.44
0.6472,2.32,0.72,9.44
0.6476000000000001,2.32,0.72,9.36
0.648,2.32,0.72,9.36
0.6484,2.32,0.72,9.36
0.6488,2.4,0.72,9.28
0.6492,2.4,0.72,9.28
0.6496000000000001,2.4,0.72,9.28
0.65,2.4,0.72,9.28
0.6504,2.4,0.72,9.2
0.6508,2.4,0.72,9.2
0.6512,2.4,0.72,9.2
0.6516000000000001,2.4,0.72,9.2
0.652,2.4,0.72,9.12
0.6524,2.4,0.72,9.12
0.6528,2.4,0.72,9.04
0.6532,2.4,0.72,9.04
0.6536000000000001,2.4,0.72,9.04
0.654,2.4,0.72,9.04
0.6544,2.48,0.72,8.96
0.6548,2.48,0.72,8.96
0.6552,2.48,0.72,8.96
0.6556000000000001,2.48,0.72,8.96
0.6559999999999999,2.48,0.72,8.88
0.6564,2.48,0.72,8.88
0.6568,2.48,0.72,8.88
0.6572,2.48,0.72,8.88
0.6576000000000001,2.48,0.72,8.8
0.6579999999999999,2.56,0.72,8.8
0.6584,2.56,0.72,8.8
0.6588,2.48,0.72,8.8
0.6592,2.56,0.72,8.72
0.6596000000000001,2.56,0.72,8.72
0.66,2.56,0.72,8.72
0.6604,2.56,0.72,8.64
0.6608,2.56,0.72,8.64
0.6612,2.56,0.72,8.64
0.6616000000000001,2.56,0.72,8.64
0.662,2.56,0.72,8.56
0.6624,2.56,0.72,8.56
0.6628000000000001,2.56,0.72,8.56
0.6632,2.56,0.72,8.48
0.6636000000000001,2.56,0.72,8.48
0.664,2.64,0.72,8.48
0.6644,2.64,0.72,8.48
0.6648000000000001,2.64,0.72,8.4
0.6652,2.64,0.72,8.4
0.6656000000000001,2.64,0.72,8.4
0.6659999999999999,2.64,0.72,8.32
0.6664,2.64,0.72,8.32
0.6668000000000001,2.64,0.72,8.32
0.6672,2.64,0.72,8.32
0.6676000000000001,2.64,0.72,8.32
0.6679999999999999,2.64,0.72,8.24
0.6684,2.64,0.72,8.24
0.6688000000000001,2.64,0.72,8.16
0.6692,2.64,0.72,8.16
0.6696000000000001,2.64,0.72,8.16
0.67,2.72,0.72,8.16
0.6704,2.72,0.72,8.08
0.6708000000000001,2.72,0.72,8.08
0.6712,2.72,0.72,8.08
0.6716000000000001,2.72,0.72,8.08
0.672,2.72,0.72,8.08
0.6724,2.72,0.72,8.0
0.6728000000000001,2.72,0.72,8.0
0.6732,2.72,0.72,7.92
0.6736000000000001,2.72,0.72,7.92
0.674,2.8000000000000003,0.72,7.92
0.6744,2.8000000000000003,0.72,7.92
0.6748000000000001,2.8000000000000003,0.72,7.92
0.6752,2.8000000000000003,0.72,7.84
0.6756,2.8000000000000003,0.72,7.84
0.6759999999999999,2.8000000000000003,0.72,7.84
0.6764,2.8000000000000003,0.72,7.76
0.6768000000000001,2.8000000000000003,0.72,7.76
0.6772,2.8000000000000003,0.72,7.76
0.6776,2.8000000000000003,0.72,7.76
0.6779999999999999,2.8000000000000003,0.72,7.68
0.6784,2.8000000000000003,0.72,7.68
0.6788000000000001,2.88,0.72,7.6
0.6792,2.88,0.72,7.6
0.6796,2.88,0.72,7.6
0.68,2.88,0.72,7.6
0.6804,2.88,0.72,7.52
0.6808000000000001,2.88,0.72,7.52
0.6812,2.88,0.72,7.52
0.6816,2.88,0.72,7.52
0.682,2.88,0.72,7.52
0.6824,2.88,0.72,7.44
0.6828000000000001,2.88,0.72,7.44
0.6832,2.88,0.72,7.44
0.6836,2.88,0.72,7.36
0.684,2.88,0.72,7.36
0.6844,2.88,0.72,7.36
0.6848000000000001,2.96,0.72,7.28
0.6852,2.96,0.72,7.28
0.6856,2.96,0.72,7.28
0.6859999999999999,2.96,0.72,7.28
0.6864,2.96,0.72,7.2
0.6868000000000001,2.96,0.72,7.2
0.6872,2.96,0.72,7.2
0.6876,2.96,0.72,7.12
0.6880000000000001,2.96,0.72,7.12
0.6884,2.96,0.72,7.12
0.6888000000000001,2.96,0.72,7.12
0.6892,3.04,0.72,7.12
0.6896,3.04,0.72,7.04
0.6900000000000001,3.04,0.72,7.04
0.6904,3.04,0.72,6.96
0.6908000000000001,3.04,0.72,6.96
0.6912,3.04,0.72,6.96
0.6916,3.04,0.72,6.96
0.6920000000000001,3.04,0.72,6.88
0.6924,3.04,0.72,6.88
0.6928000000000001,3.04,0.72,6.88
0.6932,3.04,0.72,6.88
0.6936,3.12,0.72,6.88
0.6940000000000001,3.12,0.72,6.8
0.6944,3.12,0.72,6.8
0.6948000000000001,3.12,0.72,6.8
0.6952,3.12,0.72,6.72
0.6956,3.12,0.72,6.72
0.6960000000000001,3.12,0.72,6.72
0.6964,3.12,0.72,6.6400000000000015
0.6968000000000001,3.12,0.72,6.6400000000000015
0.6972,3.12,0.72,6.6400000000000015
0.6976,3.12,0.72,6.6400000000000015
0.6980000000000001,3.2,0.72,6.5600000000000005
0.6984,3.2,0.72,6.5600000000000005
0.6988000000000001,3.2,0.72,6.5600000000000005
0.6992,3.2,0.72,6.5600000000000005
0.6996,3.2,0.72,6.48
0.7000000000000001,3.2,0.72,6.48
0.7004,3.2,0.72,6.48
0.7008,3.2,0.72,6.4
0.7012,3.2,0.72,6.4
0.7016,3.2,0.72,6.4
0.7020000000000001,3.2,0.72,6.4
0.7024,3.2,0.72,6.32
0.7028,3.2,0.72,6.32
0.7032,3.2,0.72,6.32
0.7036,3.28,0.72,6.24
0.7040000000000001,3.28,0.72,6.24
0.7044,3.28,0.72,6.24
0.7048,3.28,0.72,6.24
0.7052,3.28,0.72,6.16
0.7056,3.28,0.72,6.16
0.7060000000000001,3.28,0.72,6.16
0.7064,3.28,0.72,6.16
0.7068,3.28,0.72,6.16
0.7072,3.28,0.72,6.08
0.7076,3.28,0.72,6.08
0.7080000000000001,3.28,0.72,6.08
0.7084,3.28,0.72,6.0
0.7088,3.36,0.72,6.0
0.7092,3.36,0.72,6.0
0.7096,3.36,0.72,5.92
0.7100000000000001,3.36,0.72,5.92
0.7104,3.36,0.72,5.92
0.7108,3.36,0.72,5.92
0.7112,3.36,0.72,5.84
0.7116,3.36,0.72,5.84
0.7120000000000001,3.36,0.72,5.84
0.7124,3.36,0.72,5.76
0.7128,3.36,0.72,5.76
0.7132000000000001,3.44,0.72,5.76
0.7136,3.44,0.72,5.76
0.7140000000000001,3.44,0.72,5.68
0.7144,3.44,0.72,5.68
0.7148,3.44,0.72,5.68
0.7152000000000001,3.44,0.72,5.68
0.7156,3.44,0.72,5.6000000000000005
0.7160000000000001,3.44,0.72,5.6000000000000005
0.7164,3.44,0.72,5.6000000000000005
0.7168,3.44,0.72,5.5200000000000005
0.7172000000000001,3.44,0.72,5.5200000000000005
0.7176,3.44,0.72,5.5200000000000005
0.7180000000000001,3.44,0.72,5.5200000000000005
0.7184,3.44,0.72,5.44
0.7188,3.52,0.72,5.44
0.7192000000000001,3.52,0.72,5.44
0.7196,3.52,0.72,5.44
0.7200000000000001,3.52,0.72,5.44
0.7204,3.52,0.72,5.36
0.7208,3.52,0.72,5.36
0.7212000000000001,3.52,0.72,5.36
0.7216,3.52,0.72,5.28
0.7220000000000001,3.52,0.72,5.28
0.7224,3.52,0.72,5.28
0.7228,3.52,0.72,5.2
0.7232000000000001,3.6,0.72,5.2
0.7236,3.6,0.72,5.2
0.7240000000000001,3.6,0.72,5.2
0.7244,3.6,0.72,5.2
0.7248,3.6,0.72,5.12
0.7252000000000001,3.6,0.72,5.12
0.7256,3.6,0.72,5.04
0.7260000000000001,3.6,0.72,5.04
0.7264,3.6,0.72,5.04
0.7268,3.6,0.72,5.04
0.7272000000000001,3.6,0.72,4.96
0.7276,3.6,0.72,4.96
0.728,3.6,0.72,4.96
0.7284,3.6,0.72,4.96
0.7288,3.68,0.72,4.88
0.7292000000000001,3.68,0.72,4.88
0.7296,3.68,0.72,4.88
0.73,3.68,0.72,4.8
0.7304,3.68,0.72,4.8
0.7308,3.68,0.72,4.8
0.7312000000000001,3.68,0.72,4.8
0.7316,3.68,0.72,4.72
0.732,3.68,0.72,4.72
0.7324,3.68,0.72,4.72
0.7328,3.68,0.72,4.72
0.7332000000000001,3.68,0.72,4.64
0.7336,3.68,0.72,4.64
0.7340000000000001,3.76,0.72,4.64
0.7344,3.76,0.72,4.64
0.7348,3.76,0.72,4.5600000000000005
0.7352000000000001,3.76,0.72,4.5600000000000005
0.7356,3.76,0.72,4.48
0.736,3.76,0.72,4.48
0.7364,3.76,0.72,4.48
0.7368,3.76,0.72,4.48
0.7372000000000001,3.76,0.72,4.48
0.7376,3.76,0.72,4.4
0.738,3.76,0.72,4.4
0.7384000000000001,3.76,0.72,4.4
0.7388,3.76,0.72,4.32
0.7392000000000001,3.84,0.72,4.32
0.7396,3.84,0.72,4.32
0.74,3.84,0.72,4.24
0.7404000000000001,3.84,0.72,4.24
0.7408,3.84,0.72,4.24
0.7412000000000001,3.84,0.72,4.24
0.7416,3.84,0.72,4.16
0.742,3.84,0.72,4.16
0.7424000000000001,3.84,0.72,4.16
0.7428,3.92,0.72,4.16
0.7432000000000001,3.92,0.72,4.08
0.7436,3.92,0.72,4.08
0.7440000000000001,3.92,0.72,4.0
0.7444000000000001,3.92,0.72,4.0
0.7448,3.92,0.72,4.0
0.7452000000000001,3.92,0.72,4.0
0.7456,3.92,0.72,4.0
0.746,3.92,0.72,4.0
0.7464000000000001,3.92,0.72,4.0
0.7468,4.0,0.72,3.92
0.7472000000000001,3.92,0.72,3.92
0.7476,4.0,0.72,3.92
0.748,4.0,0.72,3.84
0.7484000000000001,4.0,0.72,3.84
0.7488,4.0,0.72,3.84
0.7492000000000001,4.0,0.72,3.76
0.7496,4.0,0.72,3.76
0.75,4.0,0.72,3.76
0.7504000000000001,4.0,0.72,3.76
0.7508,4.0,0.72,3.76
0.7512000000000001,4.0,0.72,3.68
0.7516,4.0,0.72,3.68
0.752,4.0,0.72,3.6
0.7524000000000001,4.0,0.72,3.6
0.7528,4.0,0.72,3.6
0.7532,4.0,0.72,3.6
0.7536,4.0,0.72,3.52
0.754,4.08,0.72,3.52
0.7544000000000001,4.08,0.72,3.52
0.7548,4.08,0.72,3.52
0.7552,4.08,0.72,3.44
0.7556,4.08,0.72,3.44
0.7559999999999999,4.08,0.72,3.44
0.7564000000000001,4.08,0.72,3.36
0.7568,4.08,0.72,3.36
0.7572,4.08,0.72,3.36
0.7576,4.16,0.72,3.36
0.758,4.08,0.72,3.28
0.7584000000000001,4.08,0.72,3.28
0.7588,4.16,0.72,3.28
0.7592,4.16,0.72,3.28
0.7596,4.16,0.72,3.2
0.76,4.16,0.72,3.2
0.7604000000000001,4.16,0.72,3.2
0.7608,4.16,0.72,3.2
0.7612,4.16,0.72,3.2
0.7616,4.16,0.72,3.12
0.762,4.16,0.72,3.12
0.7624000000000001,4.24,0.72,3.12
0.7628,4.24,0.72,3.04
0.7632,4.24,0.72,3.04
0.7636000000000001,4.24,0.72,3.04
0.764,4.24,0.72,2.96
0.7644000000000001,4.24,0.72,2.96
0.7648,4.24,0.72,2.96
0.7652,4.24,0.72,2.96
0.7656000000000001,4.24,0.72,2.96
0.7659999999999999,4.24,0.72,2.88
0.7664000000000001,4.24,0.72,2.88
0.7668,4.24,0.72,2.88
0.7672,4.24,0.72,2.8000000000000003
0.7676000000000001,4.24,0.72,2.8000000000000003
0.768,4.24,0.72,2.8000000000000003
0.7684000000000001,4.24,0.72,2.72
0.7688,4.32,0.72,2.72
0.7692,4.32,0.72,2.72
0.7696000000000001,4.32,0.72,2.72
0.77,4.32,0.72,2.64
0.7704000000000001,4.32,0.72,2.64
0.7708,4.32,0.72,2.64
0.7712,4.32,0.72,2.64
0.7716000000000001,4.32,0.72,2.64
0.772,4.32,0.72,2.56
0.7724000000000001,4.4,0.72,2.56
0.7728,4.32,0.72,2.56
0.7732,4.4,0.72,2.56
0.7736000000000001,4.4,0.72,2.48
0.774,4.4,0.72,2.48
0.7744000000000001,4.4,0.72,2.48
0.7748,4.4,0.72,2.48
0.7752,4.4,0.72,2.48
0.7756000000000001,4.4,0.72,2.4
0.7759999999999999,4.4,0.72,2.4
0.7764000000000001,4.4,0.72,2.32
0.7768,4.4,0.72,2.32
0.7772,4.4,0.72,2.32
0.7776000000000001,4.48,0.72,2.32
0.778,4.48,0.72,2.24
0.7784000000000001,4.48,0.72,2.24
0.7788,4.48,0.72,2.24
0.7792,4.48,0.72,2.24
0.7796000000000001,4.48,0.8,2.24
0.78,4.48,0.72,2.16
0.7804,4.48,0.72,2.16
0.7808,4.48,0.72,2.16
0.7812,4.48,0.72,2.08
0.7816000000000001,4.48,0.72,2.08
0.782,4.48,0.72,2.08
0.7824,4.48,0.72,2.08
0.7828,4.48,0.72,2.0
0.7832,4.48,0.72,2.0
0.7836000000000001,4.5600000000000005,0.72,2.0
0.784,4.5600000000000005,0.72,2.0
0.7844,4.5600000000000005,0.72,1.92
0.7848,4.5600000000000005,0.72,1.92
0.7852,4.5600000000000005,0.72,1.92
0.7856000000000001,4.5600000000000005,0.72,1.84
0.7859999999999999,4.5600000000000005,0.72,1.84
0.7864,4.5600000000000005,0.72,1.84
0.7868,4.5600000000000005,0.72,1.84
0.7872,4.64,0.72,1.76
0.7876000000000001,4.64,0.72,1.76
0.7879999999999999,4.64,0.72,1.76
0.7884,4.64,0.72,1.76
0.7888000000000001,4.64,0.72,1.68
0.7892,4.64,0.72,1.68
0.7896000000000001,4.64,0.72,1.68
0.79,4.64,0.72,1.68
0.7904,4.64,0.72,1.6
0.7908000000000001,4.64,0.72,1.6
0.7912,4.64,0.72,1.6
0.7916000000000001,4.64,0.72,1.52
0.792,4.72,0.72,1.52
0.7924,4.72,0.72,1.52
0.7928000000000001,4.72,0.72,1.52
0.7932,4.72,0.72,1.44
0.7936000000000001,4.72,0.72,1.44
0.794,4.72,0.72,1.44
0.7944,4.72,0.8,1.44
0.7948000000000001,4.72,0.72,1.36
0.7952,4.72,0.72,1.36
0.7956000000000001,4.72,0.72,1.36
0.7959999999999999,4.72,0.72,1.28
0.7964,4.72,0.72,1.28
0.7968000000000001,4.72,0.72,1.28
0.7972,4.72,0.72,1.28
0.7976000000000001,4.72,0.72,1.28
0.7979999999999999,4.72,0.72,1.2
0.7984,4.72,0.72,1.2
0.7988000000000001,4.8,0.72,1.2
0.7992,4.8,0.72,1.2
0.7996000000000001,4.8,0.72,1.2
0.8,4.8,0.72,1.12
0.8004,4.8,0.72,1.12
0.8008000000000001,4.8,0.72,1.12
0.8012,4.8,0.72,1.04
0.8016000000000001,4.8,0.72,1.04
0.802,4.8,0.72,1.04
0.8024,4.8,0.72,1.04
0.8028000000000001,4.8,0.72,1.04
0.8032,4.8,0.72,0.96
0.8036000000000001,4.8,0.72,0.96
0.804,4.8,0.72,0.96
0.8044,4.8,0.72,0.96
0.8048000000000001,4.88,0.72,0.88
0.8052,4.88,0.72,0.88
0.8056000000000001,4.88,0.72,0.88
0.8059999999999999,4.88,0.72,0.88
0.8064,4.88,0.72,0.8
0.8068000000000001,4.88,0.72,0.8
0.8072,4.88,0.72,0.8
0.8076,4.88,0.72,0.8
0.8079999999999999,4.88,0.72,0.8
0.8084,4.88,0.72,0.8
0.8088000000000001,4.96,0.72,0.72
0.8092,4.88,0.72,0.72
0.8096,4.96,0.72,0.72
0.81,4.96,0.72,0.72
0.8104,4.96,0.72,0.72
0.8108000000000001,4.96,0.72,0.64
0.8112,4.96,0.72,0.64
0.8116,4.96,0.72,0.64
0.812,4.96,0.72,0.64
0.8124,4.96,0.72,0.64
0.8128000000000001,4.96,0.72,0.64
0.8132,5.04,0.72,0.64
0.8136,4.96,0.72,0.64
0.8140000000000001,5.04,0.72,0.56
0.8144,5.04,0.72,0.56
0.8148000000000001,5.04,0.72,0.56
0.8152,5.04,0.72,0.56
0.8156,5.04,0.72,0.56
0.8160000000000001,5.04,0.72,0.56
0.8164,5.04,0.72,0.56
0.8168000000000001,5.04,0.72,0.56
0.8172,5.04,0.72,0.56
0.8176,5.04,0.8,0.56
0.8180000000000001,5.04,0.72,0.56
0.8184,5.04,0.72,0.56
0.8188000000000001,5.04,0.72,0.56
0.8192,5.12,0.72,0.56
0.8196,5.12,0.72,0.56
0.8200000000000001,5.12,0.72,0.56
0.8204,5.12,0.72,0.48
0.8208000000000001,5.12,0.72,0.48
0.8212,5.12,0.72,0.48
0.8216,5.12,0.72,0.56
0.8220000000000001,5.12,0.72,0.48
0.8224,5.12,0.72,0.48
0.8228000000000001,5.12,0.72,0.48
0.8232,5.12,0.72,0.48
0.8236,5.2,0.72,0.48
0.8240000000000001,5.2,0.72,0.48
0.8244,5.2,0.72,0.48
0.8248000000000001,5.2,0.72,0.48
0.8252,5.2,0.72,0.48
0.8256,5.2,0.72,0.48
0.8260000000000001,5.2,0.72,0.48
0.8264,5.2,0.72,0.48
0.8268000000000001,5.2,0.72,0.48
0.8272,5.2,0.72,0.48
0.8276,5.28,0.72,0.48
0.8280000000000001,5.28,0.72,0.48
0.8284,5.28,0.72,0.48
0.8288000000000001,5.28,0.72,0.48
0.8292,5.28,0.72,0.48
0.8296,5.28,0.72,0.48
0.8300000000000001,5.28,0.72,0.48
0.8304,5.28,0.72,0.48
0.8308000000000001,5.28,0.72,0.48
0.8312,5.28,0.72,0.4
0.8316,5.28,0.72,0.4
0.8320000000000001,5.36,0.72,0.4
0.8324,5.36,0.72,0.4
0.8328,5.36,0.72,0.48
0.8332,5.36,0.72,0.4
0.8336,5.36,0.72,0.4
0.8340000000000001,5.36,0.72,0.4
0.8344,5.36,0.72,0.4
0.8348,5.36,0.72,0.4
0.8352,5.36,0.72,0.4
0.8356,5.36,0.72,0.4
0.8360000000000001,5.36,0.72,0.4
0.8364,5.36,0.72,0.4
0.8368,5.36,0.72,0.4
0.8372,5.36,0.72,0.4
0.8376,5.36,0.72,0.4
0.8380000000000001,5.36,0.72,0.4
0.8384,5.44,0.72,0.4
0.8388,5.44,0.72,0.4
0.8392000000000001,5.44,0.72,0.4
0.8396,5.44,0.72,0.4
0.8400000000000001,5.44,0.72,0.4
0.8404,5.44,0.72,0.4
0.8408,5.44,0.72,0.4
0.8412000000000001,5.44,0.72,0.4
0.8416,5.44,0.8,0.4
0.8420000000000001,5.44,0.8,0.4
0.8424,5.44,0.72,0.4
0.8428,5.5200000000000005,0.72,0.32
0.8432000000000001,5.5200000000000005,0.72,0.4
0.8436,5.5200000000000005,0.72,0.4
0.8440000000000001,5.5200000000000005,0.72,0.4
0.8444,5.5200000000000005,0.72,0.4
0.8448,5.5200000000000005,0.8,0.32
0.8452000000000001,5.5200000000000005,0.72,0.32
0.8456,5.5200000000000005,0.72,0.4
0.8460000000000001,5.5200000000000005,0.8,0.4
0.8464,5.5200000000000005,0.72,0.4
0.8468,5.5200000000000005,0.8,0.32
0.8472000000000001,5.5200000000000005,0.72,0.32
0.8476,5.5200000000000005,0.72,0.32
0.8480000000000001,5.6000000000000005,0.72,0.4
0.8484,5.6000000000000005,0.72,0.32
0.8488,5.6000000000000005,0.8,0.32
0.8492000000000001,5.6000000000000005,0.72,0.32
0.8496,5.6000000000000005,0.8,0.32
0.8500000000000001,5.6000000000000005,0.72,0.32
0.8504,5.6000000000000005,0.72,0.32
0.8508,5.6000000000000005,0.72,0.32
0.8512000000000001,5.6000000000000005,0.8,0.32
0.8516,5.6000000000000005,0.72,0.32
0.8520000000000001,5.6000000000000005,0.72,0.32
0.8524,5.6000000000000005,0.72,0.32
0.8528,5.6000000000000005,0.72,0.32
0.8532000000000001,5.68,0.8,0.32
0.8536,5.68,0.72,0.32
0.8540000000000001,5.68,0.8,0.32
0.8544,5.68,0.72,0.32
0.8548,5.68,0.72,0.32
0.8552000000000001,5.68,0.8,0.32
0.8556,5.68,0.72,0.32
0.8560000000000001,5.68,0.72,0.32
0.8564,5.68,0.72,0.32
0.8568,5.68,0.72,0.32
0.8572000000000001,5.68,0.8,0.32
0.8576,5.68,0.72,0.32
0.8580000000000001,5.76,0.72,0.32
0.8584,5.76,0.72,0.32
0.8588,5.76,0.72,0.32
0.8592000000000001,5.76,0.72,0.32
0.8596,5.76,0.8,0.32
0.86,5.76,0.8,0.32
0.8604,5.76,0.72,0.32
0.8608,5.76,0.72,0.32
0.8612000000000001,5.76,0.8,0.32
0.8616,5.76,0.8,0.32
0.862,5.84,0.8,0.32
0.8624,5.84,0.72,0.32
0.8628,5.84,0.8,0.32
0.8632000000000001,5.84,0.8,0.32
0.8636,5.84,0.72,0.32
0.8640000000000001,5.84,0.72,0.32
0.8644000000000001,5.84,0.72,0.32
0.8648,5.84,0.72,0.32
0.8652000000000001,5.84,0.72,0.32
0.8656,5.84,0.72,0.32
0.866,5.84,0.8,0.32
0.8664000000000001,5.84,0.72,0.32
0.8668,5.84,0.8,0.32
0.8672000000000001,5.84,0.72,0.32
0.8676,5.84,0.72,0.32
0.868,5.92,0.8,0.32
0.8684000000000001,5.92,0.72,0.32
0.8688,5.92,0.72,0.32
0.8692000000000001,5.92,0.72,0.32
0.8696,5.92,0.72,0.32
0.87,5.92,0.72,0.32
0.8704000000000001,5.92,0.72,0.32
0.8708,5.92,0.8,0.32
0.8712000000000001,5.92,0.72,0.32
0.8716,5.92,0.8,0.32
0.872,6.0,0.72,0.32
0.8724000000000001,5.92,0.72,0.32
0.8728,5.92,0.72,0.32
0.8732000000000001,6.0,0.72,0.32
0.8736,6.0,0.72,0.32
0.8740000000000001,6.0,0.8,0.32
0.8744000000000001,6.0,0.72,0.32
0.8748,6.0,0.8,0.32
0.8752000000000001,6.0,0.8,0.32
0.8756,6.0,0.8,0.32
0.8759999999999999,6.0,0.8,0.32
0.8764000000000001,6.08,0.72,0.32
0.8768,6.08,0.8,0.32
0.8772000000000001,6.08,0.72,0.32
0.8776,6.08,0.8,0.32
0.878,6.08,0.72,0.32
0.8784000000000001,6.08,0.72,0.32
0.8788,6.08,0.8,0.32
0.8792000000000001,6.08,0.72,0.32
0.8796,6.08,0.72,0.32
0.88,6.08,0.8,0.32
0.8804000000000001,6.08,0.72,0.32
0.8808,6.08,0.72,0.32
0.8812000000000001,6.08,0.72,0.32
0.8816,6.16,0.72,0.32
0.882,6.16,0.72,0.32
0.8824000000000001,6.16,0.72,0.32
0.8828,6.16,0.72,0.32
0.8832000000000001,6.16,0.72,0.32
0.8836,6.16,0.8,0.32
0.884,6.16,0.72,0.32
0.8844000000000001,6.16,0.8,0.32
0.8848,6.16,0.72,0.32
0.8852000000000001,6.16,0.72,0.32
0.8856,6.16,0.72,0.32
0.8859999999999999,6.16,0.72,0.32
0.8864000000000001,6.16,0.72,0.32
0.8868,6.16,0.72,0.32
0.8872,6.16,0.72,0.32
0.8876000000000001,6.24,0.72,0.32
0.888,6.16,0.72,0.32
0.8884000000000001,6.24,0.72,0.32
0.8888,6.24,0.72,0.32
0.8892,6.24,0.72,0.32
0.8896000000000001,6.24,0.72,0.32
0.89,6.24,0.72,0.32
0.8904000000000001,6.24,0.72,0.32
0.8908,6.24,0.72,0.32
0.8912,6.24,0.72,0.32
0.8916000000000001,6.24,0.72,0.32
0.892,6.24,0.72,0.32
0.8924000000000001,6.32,0.72,0.32
0.8928,6.32,0.72,0.32
0.8932,6.32,0.72,0.32
0.8936000000000001,6.32,0.72,0.32
0.894,6.32,0.72,0.32
0.8944000000000001,6.32,0.72,0.32
0.8948,6.32,0.8,0.32
0.8952,6.32,0.72,0.32
0.8956000000000001,6.32,0.72,0.32
0.8959999999999999,6.32,0.72,0.32
0.8964000000000001,6.32,0.72,0.32
0.8968,6.32,0.72,0.32
0.8972,6.4,0.8,0.32
0.8976000000000001,6.4,0.72,0.32
0.898,6.4,0.72,0.32
0.8984000000000001,6.4,0.72,0.32
0.8988,6.4,0.72,0.32
0.8992,6.4,0.72,0.32
0.8996000000000001,6.4,0.72,0.32
0.9,6.4,0.8,0.32
0.9004000000000001,6.4,0.72,0.32
0.9008,6.4,0.72,0.32
0.9012,6.4,0.8,0.32
0.9016,6.4,0.72,0.32
0.902,6.4,0.72,0.32
0.9024,6.48,0.8,0.32
0.9028,6.48,0.72,0.32
0.9032,6.48,0.72,0.32
0.9036,6.48,0.72,0.32
0.904,6.48,0.72,0.32
0.9044,6.48,0.72,0.32
0.9048,6.48,0.72,0.32
0.9052,6.48,0.72,0.32
0.9056,6.48,0.72,0.32
0.9059999999999999,6.48,0.72,0.32
0.9064,6.48,0.72,0.32
0.9068,6.5600000000000005,0.72,0.32
0.9072,6.5600000000000005,0.72,0.32
0.9076,6.5600000000000005,0.72,0.32
0.9079999999999999,6.5600000000000005,0.72,0.32
0.9084,6.5600000000000005,0.72,0.24
0.9088,6.5600000000000005,0.72,0.32
0.9092,6.5600000000000005,0.72,0.32
0.9096,6.5600000000000005,0.72,0.32
0.91,6.5600000000000005,0.72,0.32
0.9104,6.5600000000000005,0.72,0.32
0.9108,6.5600000000000005,0.72,0.32
0.9112,6.6400000000000015,0.72,0.32
0.9116,6.6400000000000015,0.72,0.32
0.912,6.6400000000000015,0.72,0.32
0.9124,6.6400000000000015,0.72,0.32
0.9128,6.6400000000000015,0.72,0.32
0.9132,6.6400000000000015,0.72,0.32
0.9136,6.6400000000000015,0.72,0.32
0.914,6.6400000000000015,0.72,0.32
0.9144,6.6400000000000015,0.72,0.32
0.9148,6.6400000000000015,0.72,0.32
0.9152,6.6400000000000015,0.72,0.32
0.9156,6.6400000000000015,0.72,0.32
0.9159999999999999,6.6400000000000015,0.72,0.32
0.9164,6.6400000000000015,0.72,0.24
0.9168,6.6400000000000015,0.72,0.32
0.9172,6.6400000000000015,0.72,0.32
0.9176,6.72,0.72,0.32
0.9179999999999999,6.72,0.72,0.32
0.9184,6.72,0.72,0.24
0.9188,6.72,0.72,0.32
0.9192,6.72,0.72,0.32
0.9196,6.72,0.72,0.32
0.92,6.72,0.72,0.32
0.9204,6.72,0.72,0.32
0.9208,6.72,0.72,0.24
0.9212,6.8,0.8,0.24
0.9216,6.8,0.72,0.32
0.922,6.8,0.72,0.24
0.9224,6.8,0.72,0.24
0.9228,6.8,0.72,0.32
0.9232,6.8,0.72,0.24
0.9236,6.8,0.8,0.32
0.924,6.8,0.72,0.24
0.9244,6.8,0.72,0.24
0.9248,6.8,0.72,0.32
0.9252,6.8,0.72,0.32
0.9256,6.8,0.72,0.32
0.9259999999999999,6.8,0.72,0.24
0.9264,6.88,0.72,0.24
0.9268,6.88,0.72,0.24
0.9272,6.88,0.72,0.24
0.9276,6.88,0.72,0.32
0.9279999999999999,6.88,0.72,0.32
0.9284,6.88,0.72,0.32
0.9288,6.88,0.8,0.24
0.9292,6.88,0.8,0.32
0.9296,6.88,0.72,0.24
0.93,6.88,0.72,0.32
0.9304,6.88,0.8,0.24
0.9308,6.88,0.8,0.24
0.9312,6.96,0.72,0.24
0.9316,6.96,0.8,0.32
0.932,6.96,0.72,0.24
0.9324,6.96,0.8,0.24
0.9328,6.96,0.8,0.24
0.9332,6.96,0.8,0.32
0.9336,6.96,0.72,0.24
0.934,6.96,0.72,0.24
0.9344,6.96,0.72,0.24
0.9348,6.96,0.72,0.32
0.9352,6.96,0.72,0.24
0.9356,6.96,0.8,0.24
0.9359999999999999,6.96,0.8,0.32
0.9364,6.96,0.8,0.24
0.9368,6.96,0.8,0.24
0.9372,6.96,0.8,0.24
0.9376,7.04,0.72,0.24
0.938,7.04,0.72,0.24
0.9384,7.04,0.8,0.32
0.9388,7.04,0.72,0.32
0.9392,7.04,0.8,0.24
0.9396,7.04,0.8,0.24
0.94,7.04,0.72,0.24
0.9404,7.04,0.72,0.24
0.9408,7.04,0.72,0.24
0.9412,7.04,0.8,0.24
0.9416,7.04,0.8,0.24
0.942,7.12,0.72,0.24
0.9424,7.12,0.8,0.24
0.9428,7.12,0.72,0.32
0.9432,7.12,0.8,0.24
0.9436,7.12,0.8,0.24
0.944,7.12,0.72,0.24
0.9444,7.12,0.72,0.24
0.9448,7.12,0.72,0.24
0.9452,7.12,0.72,0.32
0.9456,7.2,0.8,0.24
0.946,7.2,0.8,0.24
0.9464,7.2,0.72,0.24
0.9468,7.2,0.8,0.24
0.9472,7.2,0.72,0.24
0.9476,7.2,0.8,0.24
0.948,7.2,0.72,0.24
0.9484,7.2,0.8,0.24
0.9488,7.2,0.8,0.24
0.9492,7.2,0.72,0.32
0.9496,7.2,0.72,0.24
0.95,7.2,0.8,0.32
0.9504,7.2,0.8,0.24
0.9508,7.2,0.72,0.24
0.9512,7.2,0.72,0.24
0.9516,7.28,0.8,0.24
0.952,7.28,0.72,0.24
0.9524,7.28,0.8,0.24
0.9528,7.28,0.8,0.24
0.9532,7.28,0.72,0.32
0.9536,7.28,0.72,0.24
0.954,7.28,0.72,0.24
0.9544,7.28,0.72,0.24
0.9548,7.28,0.8,0.24
0.9552,7.28,0.72,0.24
0.9556,7.36,0.72,0.24
0.956,7.36,0.8,0.24
0.9564,7.36,0.72,0.24
0.9568,7.36,0.72,0.24
0.9572,7.36,0.72,0.24
0.9576,7.36,0.72,0.24
0.958,7.36,0.72,0.24
0.9584,7.36,0.72,0.24
0.9588,7.36,0.72,0.24
0.9592,7.36,0.72,0.24
0.9596,7.36,0.72,0.24
0.96,7.44,0.72,0.24
0.9604,7.44,0.8,0.24
0.9608,7.36,0.8,0.24
0.9612,7.44,0.8,0.24
0.9616,7.44,0.72,0.24
0.962,7.44,0.72,0.24
0.9624,7.44,0.8,0.24
0.9628,7.44,0.8,0.24
0.9632,7.44,0.8,0.24
0.9636,7.44,0.72,0.24
0.964,7.44,0.8,0.24
0.9644,7.44,0.8,0.24
0.9648,7.44,0.72,0.24
0.9652,7.44,0.72,0.24
0.9656,7.44,0.72,0.24
0.966,7.52,0.8,0.24
0.9664,7.44,0.8,0.24
0.9668,7.52,0.72,0.24
0.9672,7.52,0.72,0.24
0.9676,7.52,0.72,0.24
0.968,7.52,0.72,0.24
0.9684,7.52,0.72,0.24
0.9688,7.52,0.72,0.32
0.9692,7.52,0.8,0.24
0.9696,7.52,0.72,0.24
0.97,7.52,0.72,0.24
0.9704,7.6,0.72,0.24
0.9708,7.6,0.72,0.24
0.9712,7.6,0.72,0.24
0.9716,7.6,0.72,0.24
0.972,7.6,0.72,0.24
0.9724,7.6,0.72,0.24
0.9728,7.6,0.72,0.24
0.9732,7.6,0.72,0.24
0.9736,7.6,0.72,0.24
0.974,7.6,0.72,0.24
0.9744,7.6,0.72,0.32
0.9748,7.6,0.72,0.24
0.9752,7.68,0.72,0.24
0.9756,7.68,0.72,0.24
0.976,7.68,0.72,0.24
0.9764,7.68,0.72,0.24
0.9768,7.68,0.72,0.24
0.9772,7.68,0.72,0.24
0.9776,7.68,0.72,0.24
0.978,7.68,0.72,0.24
0.9784,7.68,0.72,0.24
0.9788,7.68,0.72,0.24
0.9792,7.68,0.72,0.24
0.9796,7.68,0.72,0.24
0.98,7.76,0.72,0.24
0.9804,7.76,0.72,0.24
0.9808,7.76,0.8,0.24
0.9812,7.76,0.72,0.24
0.9816,7.76,0.72,0.24
0.982,7.76,0.72,0.24
0.9824,7.76,0.72,0.24
0.9828,7.76,0.72,0.24
0.9832,7.76,0.72,0.24
0.9836,7.76,0.72,0.24
0.984,7.76,0.72,0.24
0.9844,7.76,0.72,0.24
0.9848,7.76,0.72,0.24
0.9852,7.76,0.72,0.24
0.9856,7.84,0.72,0.24
0.986,7.84,0.72,0.24
0.9864,7.84,0.72,0.24
0.9868,7.84,0.72,0.24
0.9872,7.84,0.72,0.24
0.9876,7.84,0.72,0.24
0.988,7.84,0.72,0.24
0.9884,7.84,0.72,0.24
0.9888,7.84,0.72,0.24
0.9892,7.84,0.72,0.24
0.9896,7.92,0.72,0.24
0.99,7.92,0.72,0.24
0.9904,7.92,0.72,0.24
0.9908,7.92,0.72,0.24
0.9912,7.92,0.72,0.24
0.9916,7.92,0.72,0.24
0.992,7.92,0.72,0.24
0.9924,7.92,0.72,0.24
0.9928,7.92,0.72,0.24
0.9932,7.92,0.72,0.24
0.9936,7.92,0.72,0.24
0.9940000000000001,8.0,0.72,0.24
0.9944,8.0,0.72,0.24
0.9948,8.0,0.72,0.24
0.9952,8.0,0.72,0.24
0.9956,8.0,0.72,0.24
0.996,8.0,0.72,0.24
0.9964,8.0,0.72,0.24
0.9968,8.0,0.72,0.24
0.9972,8.0,0.72,0.24
0.9976,8.0,0.72,0.24
0.998,8.0,0.72,0.24
0.9984,8.0,0.72,0.24
0.9988,8.0,0.72,0.24
0.9992,8.0,0.72,0.24
0.9996,8.0,0.72,0.24
1.0,8.08,0.72,0.24
